,Brazil,Canada,Chile,"China, P.R.: Mainland",France,Germany,India,Indonesia,"Iran, Islamic Republic of",Italy,Japan,"Korea, Republic of",Mexico,Philippines,South Africa,Turkey,United Kingdom,United States
Jan 1980,0.00,35.92,,,36.50,,9.59,5.14,0.49,20.34,74.20,21.06,0.07,6.99,5.65,0.00,,35.70
Feb 1980,0.00,36.22,,,36.88,,9.53,5.22,0.51,20.73,74.80,21.98,0.07,7.07,5.71,0.00,,36.19
Mar 1980,0.00,36.62,,,37.31,,9.64,5.23,0.52,20.90,75.20,22.84,0.07,7.18,5.76,0.00,,36.71
Apr 1980,0.00,36.83,,,37.77,,9.69,5.28,0.54,21.23,76.60,23.03,0.07,7.25,5.82,0.00,,37.13
May 1980,0.00,37.26,,,38.08,,9.87,5.48,0.54,21.46,77.20,23.81,0.08,7.34,5.88,0.00,,37.50
Jun 1980,0.00,37.68,,,38.36,,9.97,5.56,0.56,21.68,77.50,24.10,0.08,7.40,5.99,0.00,,37.91
Jul 1980,0.00,37.96,,,38.90,,10.18,5.63,0.55,22.07,77.60,24.27,0.08,7.49,6.10,0.00,,37.94
Aug 1980,0.00,38.32,,,39.29,,10.26,5.69,0.55,22.30,77.40,24.79,0.08,7.59,6.10,0.00,,38.18
Sep 1980,0.00,38.66,,,39.60,,10.39,5.71,0.56,22.75,78.70,25.32,0.08,7.68,6.27,0.00,,38.54
Oct 1980,0.00,39.00,,,40.02,,10.49,5.81,0.57,23.14,78.90,26.00,0.08,7.76,6.38,0.00,,38.87
Nov 1980,0.00,39.49,,,40.33,,10.62,5.94,0.58,23.64,79.10,26.51,0.08,7.85,6.43,0.00,,39.23
Dec 1980,0.00,39.72,,,40.72,,10.54,5.95,0.59,23.92,78.80,27.41,0.09,7.94,6.55,0.00,,39.56
Jan 1981,0.00,40.26,,,41.18,,10.62,6.03,0.61,24.37,79.60,27.37,0.09,8.12,6.55,0.00,,39.88
Feb 1981,0.00,40.65,,,41.57,,10.80,6.07,0.63,24.82,79.50,27.59,0.09,8.19,6.66,0.00,,40.30
Mar 1981,0.00,41.16,,,41.96,,10.85,6.12,0.66,25.21,79.80,28.12,0.09,8.21,6.66,0.00,,40.59
Apr 1981,0.00,41.50,,,42.54,,11.03,6.17,0.69,25.55,80.40,28.36,0.10,8.25,6.71,0.00,,40.85
May 1981,0.00,41.83,,,42.93,,11.19,6.18,0.70,25.94,81.10,28.99,0.10,8.30,6.77,0.00,,41.18
Jun 1981,0.00,42.51,,,43.35,,11.34,6.21,0.71,26.22,81.30,29.79,0.10,8.37,6.83,0.00,,41.54
Jul 1981,0.00,42.85,,,44.09,,11.55,6.28,0.68,26.39,81.00,30.08,0.10,8.52,6.99,0.00,,42.01
Aug 1981,0.00,43.19,,,44.63,,11.73,6.32,0.68,26.61,80.60,30.40,0.10,8.56,7.11,0.00,,42.33
Sep 1981,0.00,43.52,,,45.14,,11.78,6.30,0.68,27.00,81.90,30.79,0.10,8.60,7.27,0.00,,42.76
Oct 1981,0.00,43.92,,,45.72,,11.89,6.38,0.69,27.45,82.10,30.71,0.11,8.64,7.33,0.00,,42.85
Nov 1981,0.00,44.31,,,46.10,,11.94,6.36,0.70,27.96,82.10,30.45,0.11,8.71,7.39,0.00,,42.98
Dec 1981,0.00,44.54,,,46.38,,11.89,6.39,0.71,28.24,82.10,30.62,0.11,8.79,7.44,0.00,,43.10
Jan 1982,0.00,44.82,,,46.88,,11.86,6.69,0.74,28.68,82.10,30.76,0.12,8.98,7.44,0.00,,43.25
Feb 1982,0.00,45.38,,,47.34,,11.83,6.73,0.76,29.08,82.10,30.91,0.12,9.05,7.55,0.00,,43.39
Mar 1982,0.00,45.94,,,47.92,,11.81,6.74,0.79,29.30,82.10,31.20,0.13,9.09,7.72,0.00,,43.34
Apr 1982,0.00,46.17,,,48.47,,11.86,6.73,0.80,29.58,82.80,31.25,0.13,9.15,7.83,0.00,,43.53
May 1982,0.00,46.85,,,48.85,,11.94,6.75,0.80,29.92,83.10,31.49,0.14,9.18,7.89,0.00,,43.96
Jun 1982,0.00,47.30,,,49.20,,12.14,6.77,0.81,30.20,83.10,31.69,0.15,9.23,7.95,0.00,,44.49
Jul 1982,0.00,47.52,,,49.36,,12.35,6.84,0.79,30.59,82.60,31.76,0.15,9.40,8.00,0.00,,44.74
Aug 1982,0.00,47.75,,,49.51,,12.61,6.81,0.79,31.15,83.20,31.86,0.17,9.46,8.11,0.00,,44.83
Sep 1982,0.00,48.03,,,49.71,,12.63,6.87,0.81,31.65,84.40,32.00,0.18,9.50,8.23,0.00,,44.91
Oct 1982,0.00,48.31,,,49.98,,12.69,6.96,0.84,32.16,84.70,31.93,0.19,9.52,8.34,0.00,,45.03
Nov 1982,0.00,48.65,,,50.44,,12.82,6.99,0.86,32.61,83.90,31.73,0.20,9.54,8.45,0.00,,44.95
Dec 1982,0.00,48.65,,,50.87,,12.84,7.03,0.88,32.83,83.80,32.10,0.22,9.54,8.45,0.00,,44.77
Jan 1983,0.00,48.53,,,51.37,,12.79,7.35,0.91,33.28,83.90,32.34,0.24,9.60,8.50,0.00,,44.87
Feb 1983,0.00,48.76,,,51.72,,12.92,7.36,0.94,33.73,83.60,32.56,0.26,9.65,8.67,0.00,,44.89
Mar 1983,0.00,49.27,,,52.23,,12.97,7.32,0.95,34.06,84.10,32.68,0.27,9.67,8.73,0.00,,44.92
Apr 1983,0.00,49.27,,,52.88,,13.13,7.50,0.95,34.40,84.40,32.58,0.29,9.72,8.84,0.00,,45.24
May 1983,0.00,49.38,,,53.23,,13.46,7.56,0.97,34.73,85.30,32.68,0.30,9.79,8.90,0.00,,45.49
Jun 1983,0.00,49.94,,,53.54,,13.77,7.68,0.98,34.90,84.80,32.66,0.31,9.91,8.90,0.00,,45.64
Jul 1983,0.00,50.11,,,54.01,,13.98,7.74,0.96,35.18,84.40,32.66,0.33,10.14,9.01,0.00,,45.82
Aug 1983,0.00,50.39,,,54.32,,14.18,7.74,0.96,35.41,84.30,32.68,0.34,10.32,9.12,0.00,,45.98
Sep 1983,0.00,50.39,,,54.74,,14.31,7.80,0.97,35.86,85.20,32.73,0.35,10.37,9.18,0.00,,46.21
Oct 1983,0.00,50.67,,,55.17,,14.42,7.80,0.99,36.36,85.90,32.70,0.36,10.50,9.23,0.00,,46.33
Nov 1983,0.00,50.67,,,55.40,,14.49,7.82,0.99,36.81,85.50,32.63,0.38,11.13,9.34,0.00,,46.41
Dec 1983,0.00,50.84,,,55.60,,14.44,7.87,1.02,36.92,85.20,32.73,0.40,12.03,9.34,0.00,,46.47
Jan 1984,0.00,51.12,,,55.98,,14.55,8.14,1.05,37.37,85.50,32.92,0.43,12.80,9.40,0.00,,46.73
Feb 1984,0.00,51.41,,,56.33,,14.49,8.28,1.07,37.82,86.00,33.21,0.45,13.18,9.51,0.00,,46.94
Mar 1984,0.00,51.52,,,56.72,,14.42,8.29,1.08,38.10,86.20,33.34,0.47,13.47,9.62,0.00,,47.05
Apr 1984,0.00,51.69,,,57.07,,14.44,8.40,1.09,38.38,86.40,33.43,0.49,13.68,9.79,0.00,,47.28
May 1984,0.00,51.74,,,57.38,,14.52,8.46,1.11,38.66,87.00,33.38,0.50,13.91,9.90,0.01,,47.42
Jun 1984,0.00,51.97,,,57.65,,14.83,8.48,1.13,38.88,86.40,33.21,0.52,14.78,9.96,0.01,,47.57
Jul 1984,0.00,52.25,,,58.04,,15.11,8.51,1.09,38.94,86.60,33.21,0.54,16.10,10.07,0.01,,47.72
Aug 1984,0.00,52.25,,,58.35,,15.14,8.50,1.07,39.16,85.90,33.38,0.55,16.56,10.18,0.01,,47.92
Sep 1984,0.00,52.31,,,58.62,,15.22,8.49,1.07,39.50,87.20,33.77,0.57,16.96,10.24,0.01,,48.15
Oct 1984,0.00,52.42,,,59.01,,15.30,8.49,1.07,39.83,87.80,33.60,0.59,17.20,10.41,0.01,,48.27
Nov 1984,0.00,52.76,,,59.20,,15.37,8.50,1.09,40.17,87.40,33.53,0.61,17.87,10.52,0.01,,48.27
Dec 1984,0.00,52.76,,,59.32,,15.19,8.59,1.11,40.39,87.50,33.53,0.64,18.14,10.58,0.01,,48.30
Jan 1985,0.00,52.98,,,59.63,,15.19,8.63,1.12,40.84,87.80,33.70,0.68,18.59,10.69,0.01,,48.40
Feb 1985,0.00,53.32,,,59.94,,15.11,8.58,1.14,41.35,87.50,33.94,0.71,18.65,11.08,0.01,,48.60
Mar 1985,0.00,53.43,,,60.36,,15.14,8.60,1.15,41.68,87.80,33.92,0.74,18.78,11.08,0.01,,48.81
Apr 1985,0.00,53.66,,,60.79,,15.35,8.82,1.17,42.02,88.30,33.99,0.76,18.71,11.36,0.01,,49.01
May 1985,0.00,53.77,,,61.10,,15.50,8.85,1.15,42.30,88.50,34.11,0.78,18.71,11.47,0.01,,49.19
Jun 1985,0.00,54.11,,,61.33,,15.66,8.93,1.15,42.52,88.50,34.14,0.80,18.84,11.64,0.01,,49.35
Jul 1985,0.00,54.28,,,61.56,,15.89,8.92,1.11,42.63,88.70,34.14,0.83,19.16,11.69,0.01,,49.42
Aug 1985,0.00,54.33,,,61.64,,15.97,8.91,1.10,42.75,88.50,34.26,0.87,19.16,11.81,0.01,,49.53
Sep 1985,0.00,54.45,,,61.72,,15.99,8.90,1.10,42.97,88.60,34.52,0.90,19.10,11.97,0.01,,49.68
Oct 1985,0.00,54.62,,,61.91,,16.15,8.90,1.13,43.42,89.40,34.48,0.93,19.10,12.14,0.01,,49.84
Nov 1985,0.00,54.84,,,62.03,,16.28,8.93,1.13,43.75,88.70,34.60,0.98,19.22,12.31,0.01,,50.00
Dec 1985,0.00,55.07,,,62.10,,16.28,8.96,1.16,43.98,88.80,34.60,1.04,19.29,12.53,0.01,,50.13
Jan 1986,0.00,55.35,,,62.14,,16.25,9.07,1.17,44.20,89.10,34.79,1.14,19.35,12.93,0.01,,50.28
Feb 1986,0.00,55.52,,,61.99,,16.36,9.14,1.20,44.37,89.00,34.89,1.19,19.48,13.04,0.01,,50.14
Mar 1986,0.00,55.69,,,62.14,,16.48,9.10,1.22,44.60,89.00,34.84,1.24,19.60,13.20,0.01,,49.91
Apr 1986,0.00,55.74,,,62.38,,16.61,9.11,1.24,44.65,89.20,34.84,1.31,19.22,13.43,0.01,,49.80
May 1986,0.00,56.02,,,62.53,,16.82,9.22,1.26,44.88,89.50,34.96,1.38,19.10,13.43,0.01,,49.96
Jun 1986,0.00,56.08,,,62.72,,17.00,9.25,1.27,44.99,89.00,35.03,1.47,18.97,13.60,0.01,,50.20
Jul 1986,0.00,56.53,,,62.80,,17.26,9.23,,44.99,88.80,35.08,1.54,18.97,13.88,0.01,,50.22
Aug 1986,0.00,56.70,,,62.88,,17.36,9.24,,45.10,88.60,35.08,1.66,18.97,14.04,0.01,,50.31
Sep 1986,0.00,56.70,,,63.11,,17.47,9.50,,45.21,89.00,35.20,1.76,18.97,14.32,0.01,,50.55
Oct 1986,0.00,56.98,,,63.27,,17.70,9.70,,45.44,89.10,35.08,1.86,19.03,14.49,0.01,,50.60
Nov 1986,0.00,57.26,,,63.34,,17.88,9.75,,45.66,88.70,35.03,1.99,19.10,14.66,0.01,,50.65
Dec 1986,0.00,57.37,,,63.42,,17.78,9.78,,45.83,88.50,35.06,2.15,19.16,14.83,0.01,,50.69
Jan 1987,0.00,57.49,,,64.00,,17.78,9.82,,46.05,88.20,35.17,2.32,19.29,15.00,0.01,,51.00
Feb 1987,0.00,57.77,,,64.12,,17.72,9.96,,46.33,88.20,35.24,2.49,19.41,15.22,0.01,,51.20
Mar 1987,0.00,57.99,,,64.20,,17.72,9.93,,46.44,88.50,35.51,2.65,19.48,15.44,0.01,,51.43
Apr 1987,0.00,58.28,,,64.55,,17.85,9.94,,46.61,89.30,35.71,2.89,19.41,15.67,0.01,,51.70
May 1987,0.00,58.61,,,64.66,,18.16,10.12,,46.84,89.50,36.26,3.10,19.60,15.78,0.01,,51.86
Jun 1987,0.00,58.78,,,64.78,,18.47,10.15,,47.00,89.30,36.23,3.33,19.86,15.95,0.01,,52.07
Jul 1987,0.00,59.18,,,64.93,,18.71,10.19,,47.12,88.90,36.12,3.60,20.11,16.06,0.01,,52.18
Aug 1987,0.00,59.23,,,65.09,,19.02,10.25,,47.28,89.00,36.64,3.89,20.18,16.34,0.01,,52.47
Sep 1987,0.00,59.23,,,65.13,,19.25,10.32,,47.56,89.80,36.88,4.15,20.37,16.56,0.02,,52.73
Oct 1987,0.00,59.46,,,65.28,,19.38,10.46,,47.96,89.80,36.91,4.49,20.37,16.73,0.02,,52.87
Nov 1987,0.00,59.68,,,65.36,,19.51,10.65,,48.12,89.30,36.84,4.85,20.50,16.90,0.02,,52.94
Dec 1987,0.00,59.74,,,65.40,,19.43,10.69,,48.18,89.20,37.15,5.57,20.69,17.01,0.02,,52.92
Jan 1988,0.00,59.85,,,65.51,,19.46,10.72,,48.46,89.00,37.36,6.43,21.96,17.12,0.02,54.07,53.06
Feb 1988,0.00,60.08,,,65.63,,19.35,10.78,,48.68,88.80,37.97,6.96,22.15,17.23,0.02,54.25,53.20
Mar 1988,0.00,60.42,,,65.82,,19.46,10.78,,48.91,89.10,38.52,7.32,22.28,17.51,0.02,54.42,53.43
Apr 1988,0.00,60.58,,,66.13,,19.71,10.86,,49.02,89.60,38.45,7.55,22.41,17.68,0.02,55.12,53.70
May 1988,0.00,60.98,,,66.29,,19.92,10.96,,49.19,89.70,38.66,7.69,22.47,17.85,0.02,55.38,53.89
Jun 1988,0.00,61.09,,,66.48,,20.20,11.00,,49.36,89.50,38.90,7.85,22.66,17.90,0.02,55.56,54.11
Jul 1988,0.00,61.43,,,66.72,,20.54,11.13,,49.41,89.30,38.96,7.98,22.79,18.13,0.03,55.56,54.34
Aug 1988,0.00,61.60,,,66.91,,20.67,11.17,,49.64,89.60,39.17,8.05,22.91,18.35,0.03,55.73,54.57
Sep 1988,0.00,61.65,,,67.06,,20.83,11.17,,49.92,90.30,39.27,8.10,22.98,18.58,0.03,55.99,54.94
Oct 1988,0.00,61.94,,,67.22,,21.26,11.21,,50.25,90.70,39.17,8.16,23.04,18.80,0.03,56.26,55.12
Nov 1988,0.00,62.10,,,67.30,,21.39,11.26,,50.59,90.40,39.48,8.27,23.30,18.97,0.03,56.52,55.17
Dec 1988,0.00,62.10,,,67.41,,21.14,11.28,,50.81,90.10,39.82,8.44,23.49,19.14,0.03,56.61,55.26
Jan 1989,0.00,62.44,,,67.68,,20.26,11.34,,51.15,89.90,39.89,8.65,24.25,19.42,0.03,56.78,55.54
Feb 1989,0.00,62.84,,,67.88,,20.26,11.48,,51.54,89.70,40.02,8.77,24.44,19.58,0.03,56.96,55.77
Mar 1989,0.00,63.17,,,68.07,,20.39,11.51,,51.88,90.10,40.30,8.86,24.44,19.92,0.04,57.22,56.09
Apr 1989,0.00,63.34,,,68.50,,20.51,11.69,2.83,52.10,91.70,40.47,8.99,24.63,20.20,0.04,58.00,56.45
May 1989,0.00,64.02,,,68.77,,20.76,11.77,2.81,52.38,92.20,40.98,9.12,24.89,20.48,0.04,58.27,56.77
Jun 1989,0.00,64.36,,,68.85,,20.88,11.74,2.87,52.61,92.10,41.05,9.23,25.27,20.70,0.04,58.53,56.91
Jul 1989,0.00,64.75,,,69.04,,21.12,11.79,2.82,52.66,92.00,41.02,9.32,25.52,20.93,0.04,58.44,57.05
Aug 1989,0.00,64.81,,,69.16,,21.37,11.80,2.79,52.77,91.90,41.32,9.41,25.97,21.21,0.04,58.53,57.14
Sep 1989,0.00,64.92,,,69.31,,21.62,11.83,2.70,53.05,92.70,41.70,9.50,26.22,21.37,0.05,58.96,57.32
Oct 1989,0.00,65.14,,,69.62,,21.62,11.92,2.72,53.45,93.40,41.80,9.64,26.42,21.54,0.05,59.40,57.60
Nov 1989,0.00,65.37,,,69.74,,21.62,11.98,2.68,53.78,92.40,41.87,9.78,26.61,21.82,0.05,59.58,57.74
Dec 1989,0.00,65.31,,,69.81,,21.49,11.97,2.66,54.01,92.50,41.84,10.11,27.12,22.10,0.05,59.66,57.83
Jan 1990,0.00,65.88,,,70.13,,21.37,12.08,2.71,54.51,92.90,42.25,10.59,27.24,22.38,0.05,59.93,58.43
Feb 1990,0.00,66.27,,,70.28,,21.49,12.20,2.79,54.90,93.00,42.62,10.83,27.37,22.55,0.06,60.28,58.70
Mar 1990,0.00,66.50,,,70.49,,21.74,12.15,2.88,55.13,93.40,43.17,11.02,27.50,22.88,0.06,60.62,59.02
Apr 1990,0.00,66.50,,,70.85,,22.11,12.29,2.97,55.35,94.10,43.82,11.19,27.75,23.11,0.06,61.67,59.11
May 1990,0.00,66.83,,,70.92,,22.35,12.40,2.95,55.52,94.60,44.64,11.39,27.94,23.33,0.06,62.28,59.25
Jun 1990,0.00,67.12,,,70.92,,22.72,12.56,2.95,55.74,94.20,44.92,11.64,28.20,23.50,0.07,62.55,59.57
Jul 1990,0.00,67.45,,,70.99,,23.21,12.83,2.96,55.91,94.10,45.12,11.85,28.58,23.67,0.06,62.37,59.80
Aug 1990,0.00,67.51,,,71.42,,23.33,12.91,2.94,56.30,94.40,45.26,12.05,28.64,24.06,0.07,63.07,60.35
Sep 1990,0.00,67.68,,,71.91,,23.46,12.98,2.93,56.64,95.20,45.60,12.22,28.96,24.45,0.07,63.68,60.86
Oct 1990,0.00,68.24,,,72.27,,23.95,13.11,2.95,57.09,96.20,45.70,12.40,29.53,24.62,0.08,64.21,61.22
Nov 1990,0.00,68.64,,,72.13,,24.32,13.15,3.01,57.42,96.00,45.63,12.73,30.04,25.12,0.08,64.29,61.36
Dec 1990,0.00,68.58,,,72.06,,24.44,13.16,3.05,57.54,95.90,45.77,13.13,31.25,25.29,0.08,64.21,61.36
Jan 1991,0.00,70.38,,,72.48,68.56,24.81,13.26,3.09,57.93,96.60,46.73,13.46,32.27,25.57,0.09,64.21,61.73
Feb 1991,0.00,70.38,,,72.70,68.90,24.81,13.30,3.17,58.38,96.30,47.38,13.70,32.91,25.91,0.09,64.56,61.82
Mar 1991,0.00,70.66,,,72.84,68.90,24.69,13.31,3.24,58.71,96.80,48.00,13.90,33.23,26.13,0.10,64.73,61.91
Apr 1991,0.00,70.66,,,73.05,69.16,24.81,13.56,3.30,58.94,97.40,48.23,14.04,33.42,26.52,0.10,66.91,62.00
May 1991,0.00,71.00,,,73.27,69.42,25.05,13.58,3.38,59.16,97.80,48.51,14.18,33.67,26.91,0.10,67.44,62.19
Jun 1991,0.00,71.34,,,73.41,69.76,25.67,13.64,3.38,59.44,97.50,48.59,14.33,33.93,27.08,0.11,67.79,62.37
Jul 1991,0.00,71.39,,,73.62,70.62,26.28,13.90,3.42,59.67,97.40,48.91,14.45,34.31,27.42,0.11,67.61,62.46
Aug 1991,0.00,71.45,,,73.69,70.62,26.65,14.17,3.51,59.83,97.60,49.31,14.55,34.69,27.81,0.11,67.88,62.64
Sep 1991,0.01,71.34,,,73.84,70.62,27.14,14.18,3.58,60.11,97.70,49.57,14.70,35.01,28.20,0.12,68.22,62.92
Oct 1991,0.01,71.23,,,74.19,71.64,27.39,14.29,3.63,60.39,98.80,49.66,14.87,35.07,28.70,0.13,68.57,63.01
Nov 1991,0.01,71.51,,,74.48,71.99,27.63,14.45,3.64,60.79,99.00,49.89,15.24,35.20,28.98,0.14,68.84,63.19
Dec 1991,0.01,71.17,,,74.26,72.07,27.63,14.47,3.74,60.95,98.50,49.98,15.60,35.39,29.43,0.14,68.84,63.24
Jan 1992,0.01,71.51,,,74.41,72.50,28.00,14.54,3.84,61.35,98.30,50.33,15.88,35.77,29.71,0.15,68.66,63.33
Feb 1992,0.02,71.56,,,74.69,72.93,28.12,14.58,3.97,61.63,98.20,50.64,16.07,35.90,29.99,0.16,69.01,63.56
Mar 1992,0.02,71.79,,,74.98,73.19,28.12,14.67,4.18,61.91,98.70,51.18,16.23,36.15,30.21,0.17,69.36,63.88
Apr 1992,0.02,71.85,,,75.12,73.53,28.37,14.81,4.34,62.07,99.70,51.49,16.38,36.28,30.61,0.18,70.06,63.97
May 1992,0.03,71.96,,,75.33,73.70,28.74,14.82,4.26,62.41,99.80,51.80,16.49,36.66,30.83,0.18,70.32,64.07
Jun 1992,0.03,72.13,,,75.33,73.87,28.98,14.92,4.35,62.58,99.70,51.89,16.60,36.98,31.17,0.18,70.41,64.30
Jul 1992,0.04,72.30,,,75.26,74.13,29.72,14.95,4.37,62.69,99.00,52.11,16.70,37.36,31.45,0.18,70.06,64.43
Aug 1992,0.05,72.30,,,75.19,74.13,29.72,14.97,4.39,62.86,99.30,52.20,16.80,37.55,31.78,0.19,70.06,64.62
Sep 1992,0.06,72.24,,,75.40,74.04,29.84,15.00,4.47,62.97,99.70,52.38,16.95,37.87,32.00,0.20,70.32,64.80
Oct 1992,0.08,72.35,,,75.62,74.13,29.97,15.07,4.48,63.31,99.80,52.34,17.07,37.94,32.06,0.22,70.50,65.03
Nov 1992,0.10,72.69,,,75.69,74.39,29.97,15.10,4.48,63.70,99.60,52.07,17.21,38.00,32.23,0.23,70.58,65.12
Dec 1992,0.12,72.69,,,75.69,74.47,29.84,15.20,4.57,63.76,99.60,52.20,17.46,38.00,32.23,0.23,70.58,65.08
Jan 1993,0.16,72.97,,,75.97,75.76,29.60,15.65,4.65,64.09,99.50,52.60,17.68,38.45,32.56,0.25,70.23,65.40
Feb 1993,0.20,73.20,,,76.26,76.36,29.72,15.97,4.82,64.37,99.60,52.96,17.82,38.51,32.68,0.26,70.67,65.63
Mar 1993,0.26,73.14,,,76.61,76.53,29.84,16.20,5.00,64.54,99.90,53.63,17.93,38.64,33.12,0.27,71.02,65.85
Apr 1993,0.33,73.14,,,76.69,76.79,30.09,16.23,5.13,64.82,100.60,53.94,18.03,38.70,34.02,0.28,71.81,66.04
May 1993,0.42,73.25,,,76.83,76.87,30.21,16.25,5.13,65.10,100.70,54.12,18.13,38.89,34.13,0.29,72.07,66.13
Jun 1993,0.55,73.31,,,76.76,77.13,30.70,16.29,5.23,65.44,100.60,54.38,18.24,39.21,34.30,0.30,72.07,66.22
Jul 1993,0.72,73.48,,,76.83,77.47,31.07,16.40,5.23,65.60,100.90,54.34,18.32,39.65,34.58,0.31,71.81,66.22
Aug 1993,0.95,73.53,,,76.83,77.47,31.44,16.45,5.28,65.72,101.10,54.52,18.42,39.91,34.75,0.32,72.07,66.41
Sep 1993,1.29,73.59,,,77.11,77.39,31.81,16.50,5.41,65.83,101.20,54.79,18.56,40.36,34.86,0.34,72.42,66.54
Oct 1993,1.73,73.70,,,77.25,77.39,32.18,16.59,5.49,66.22,101.10,55.01,18.63,40.55,35.14,0.36,72.33,66.82
Nov 1993,2.35,74.04,,,77.33,77.47,32.55,16.66,5.52,66.44,100.60,54.92,18.72,40.67,35.19,0.39,72.16,66.86
Dec 1993,3.21,73.93,,,77.25,77.64,32.42,16.75,5.76,66.50,100.70,55.23,18.86,40.80,35.31,0.40,72.33,66.86
Jan 1994,4.54,73.93,,,77.40,78.16,32.30,16.96,5.89,66.89,100.80,55.94,19.00,42.65,35.81,0.42,72.07,67.05
Feb 1994,6.37,73.37,,,77.61,78.67,32.55,17.26,6.09,67.12,100.80,56.57,19.10,43.16,35.92,0.44,72.42,67.28
Mar 1994,9.09,73.25,,,77.75,78.76,32.79,17.38,6.38,67.73,101.20,57.06,19.20,43.09,36.15,0.47,72.59,67.51
Apr 1994,12.97,73.31,,,77.97,78.84,33.04,17.42,6.52,67.45,101.40,57.15,19.29,43.22,36.37,0.58,73.29,67.60
May 1994,18.67,73.14,,,78.11,79.10,33.41,17.51,6.64,67.73,101.50,57.19,19.39,43.35,36.59,0.64,73.47,67.64
Jun 1994,27.53,73.31,,,78.11,79.19,34.02,17.53,6.78,67.90,101.10,57.59,19.48,43.54,36.82,0.65,73.47,67.87
Jul 1994,29.41,73.59,,,78.11,79.44,34.51,17.77,6.90,68.07,100.70,58.08,19.57,43.79,37.38,0.66,73.03,68.06
Aug 1994,29.96,73.65,,,78.11,79.61,34.88,17.93,6.98,68.18,101.10,58.53,19.66,44.17,37.94,0.67,73.47,68.33
Sep 1994,30.42,73.70,,,78.32,79.44,35.37,18.03,7.24,68.41,101.40,58.35,19.80,44.11,38.38,0.72,73.55,68.51
Oct 1994,31.22,73.59,,,78.54,79.36,35.49,18.19,7.61,68.74,101.90,58.17,19.91,44.17,38.55,0.79,73.38,68.56
Nov 1994,32.09,73.98,,,78.54,79.44,35.74,18.27,7.59,69.02,101.60,58.26,20.01,44.11,38.66,0.85,73.47,68.65
Dec 1994,32.64,74.10,,,78.47,79.61,35.49,18.37,7.74,69.19,101.30,58.30,20.19,44.24,38.78,0.88,73.82,68.65
Jan 1995,33.20,74.36,,,78.68,79.87,35.49,18.58,8.06,69.49,101.30,58.85,20.95,45.13,39.28,0.95,73.82,68.93
Feb 1995,33.54,74.70,,,78.96,80.30,35.74,18.82,8.64,69.99,101.00,59.10,21.84,45.32,39.45,0.99,74.16,69.20
Mar 1995,34.06,74.87,,,79.18,80.30,35.98,18.93,9.24,70.61,100.90,59.70,23.12,45.51,39.89,1.04,74.51,69.43
Apr 1995,34.88,75.13,,,79.25,80.39,36.23,19.25,9.84,70.89,101.20,60.06,24.97,45.64,40.40,1.10,74.95,69.66
May 1995,35.82,75.30,,,79.39,80.47,36.84,19.34,10.55,71.33,101.40,60.18,26.01,46.08,40.57,1.13,75.30,69.80
Jun 1995,36.62,75.30,,,79.39,80.56,37.58,19.37,10.62,71.78,101.30,60.00,26.83,46.40,40.51,1.16,75.39,69.94
Jul 1995,37.49,75.47,,,79.25,80.73,38.44,19.51,10.54,71.89,100.80,60.18,27.38,46.59,40.73,1.20,74.95,69.94
Aug 1995,37.86,75.30,,,79.60,80.73,38.69,19.57,10.60,72.12,100.90,60.54,27.84,47.17,40.85,1.25,75.39,70.12
Sep 1995,38.24,75.39,,,79.89,80.73,38.93,19.65,10.89,72.28,101.50,61.08,28.41,47.99,40.90,1.35,75.74,70.26
Oct 1995,38.77,75.30,,,79.96,80.56,39.18,19.77,11.12,72.56,101.20,60.78,29.00,48.06,41.01,1.43,75.56,70.49
Nov 1995,39.34,75.56,,,80.03,80.56,39.42,19.86,11.40,72.95,100.90,60.66,29.71,47.67,41.13,1.50,75.56,70.44
Dec 1995,39.96,75.39,,,80.10,80.81,38.93,20.02,11.72,73.06,100.90,61.08,30.68,47.80,41.46,1.56,76.00,70.39
Jan 1996,40.49,75.56,,,80.25,80.99,38.69,20.63,12.09,73.35,100.80,61.68,31.78,48.95,41.96,1.68,75.82,70.81
Feb 1996,40.91,75.64,,,80.53,81.41,38.81,20.91,12.35,73.63,100.60,61.92,32.52,49.27,42.02,1.76,76.17,71.04
Mar 1996,41.05,75.99,,,81.03,81.50,39.18,20.77,12.63,73.92,100.80,62.35,33.24,49.46,42.36,1.86,76.44,71.40
Apr 1996,41.57,76.16,,,81.17,81.50,39.79,20.83,13.34,74.20,101.40,62.77,34.18,49.71,42.64,1.98,76.87,71.68
May 1996,42.08,76.42,,,81.31,81.67,40.28,20.96,13.34,74.49,101.60,63.13,34.81,49.78,42.92,2.07,77.13,71.82
Jun 1996,42.58,76.42,,,81.24,81.76,40.90,20.81,13.26,74.63,101.30,63.13,35.37,50.09,43.31,2.13,77.22,71.86
Jul 1996,43.05,76.42,,,81.10,81.84,41.63,20.95,13.31,74.56,101.20,63.43,35.88,50.22,43.64,2.17,76.70,72.00
Aug 1996,43.24,76.42,,,80.89,81.84,42.13,20.94,13.34,74.63,101.10,63.73,36.35,50.60,43.87,2.27,77.13,72.14
Sep 1996,43.31,76.50,,,81.17,81.84,42.25,20.98,13.52,74.71,101.50,63.85,36.94,50.54,44.31,2.41,77.48,72.37
Oct 1996,43.44,76.67,,,81.38,81.84,42.49,21.07,13.70,74.78,101.70,63.85,37.40,50.67,44.71,2.57,77.48,72.60
Nov 1996,43.57,77.02,,,81.31,81.76,42.86,21.15,13.87,75.06,101.40,63.85,37.96,50.79,44.87,2.70,77.48,72.73
Dec 1996,43.78,77.02,,,81.46,82.01,42.98,21.22,14.16,75.13,101.50,64.09,39.18,51.11,45.32,2.80,77.75,72.73
Jan 1997,44.30,77.19,,,81.67,82.61,42.98,21.58,14.36,75.35,101.40,64.57,40.19,51.68,45.88,2.96,77.40,72.96
Feb 1997,44.52,77.36,,,81.81,82.87,42.98,21.75,14.60,75.42,101.20,64.93,40.86,51.88,46.16,3.13,77.57,73.19
Mar 1997,44.74,77.45,,,81.88,82.79,43.11,21.75,14.81,75.64,101.30,65.17,41.37,52.13,46.44,3.30,77.75,73.38
Apr 1997,45.14,77.45,,,81.88,82.61,43.48,21.84,15.33,75.71,103.40,65.47,41.82,52.26,46.83,3.51,78.10,73.47
May 1997,45.32,77.53,,,82.03,82.96,43.23,21.91,15.62,75.92,103.60,65.53,42.20,52.26,47.00,3.68,78.27,73.42
Jun 1997,45.57,77.70,,,82.03,83.04,43.60,21.90,15.69,75.92,103.60,65.65,42.57,52.89,47.11,3.78,78.45,73.51
Jul 1997,45.67,77.70,,,81.88,83.64,43.97,22.08,15.69,75.92,103.20,65.78,42.94,52.96,47.62,4.02,78.18,73.61
Aug 1997,45.66,77.79,,,82.10,83.73,44.09,22.28,15.88,75.99,103.30,66.26,43.33,53.28,47.67,4.27,78.62,73.74
Sep 1997,45.69,77.79,,,82.24,83.56,44.34,22.52,15.98,76.06,104.00,66.56,43.87,53.47,47.90,4.58,78.88,73.93
Oct 1997,45.79,77.79,,,82.24,83.47,44.83,22.84,16.01,76.28,104.30,66.56,44.22,53.66,48.12,4.96,78.88,74.11
Nov 1997,45.87,77.70,,,82.38,83.47,44.95,23.02,16.11,76.57,103.60,66.62,44.71,54.04,47.95,5.29,78.97,74.06
Dec 1997,46.07,77.62,,,82.38,83.64,45.69,23.41,16.40,76.57,103.40,68.30,45.34,54.29,48.12,5.57,79.06,73.97
Jan 1998,46.39,78.05,,,82.14,83.64,47.16,25.02,16.79,76.78,103.30,69.93,46.32,55.06,48.51,5.97,78.53,74.11
Feb 1998,46.61,78.13,,,82.39,83.81,46.91,28.21,17.29,77.00,103.20,71.13,47.13,55.82,48.62,6.23,78.88,74.25
Mar 1998,46.76,78.22,,,82.55,83.73,46.67,29.76,17.52,77.21,103.60,71.01,47.69,56.33,48.96,6.50,79.06,74.38
Apr 1998,46.88,78.13,,,82.72,83.81,47.04,31.12,18.18,77.28,103.80,71.25,48.13,56.59,49.18,6.80,79.49,74.52
May 1998,47.11,78.39,,,82.72,84.07,47.77,32.79,18.24,77.42,104.10,70.89,48.52,57.35,49.41,7.04,79.93,74.66
Jun 1998,47.12,78.48,,,82.80,84.16,49.00,34.31,18.24,77.50,103.70,70.59,49.09,58.18,49.57,7.21,79.76,74.75
Jul 1998,47.06,78.48,,,82.55,84.41,50.48,37.25,18.44,77.50,103.10,70.59,49.56,58.30,50.75,7.45,79.32,74.84
Aug 1998,46.83,78.48,,,82.55,84.24,50.72,39.59,18.55,77.57,103.00,70.83,50.04,58.56,51.31,7.75,79.67,74.94
Sep 1998,46.72,78.31,,,82.55,84.07,51.58,41.08,18.70,77.57,103.80,71.13,50.85,58.75,52.20,8.27,80.02,75.03
Oct 1998,46.73,78.65,,,82.55,83.90,53.18,40.97,18.91,77.71,104.50,71.37,51.58,58.94,52.43,8.77,80.02,75.21
Nov 1998,46.68,78.65,,,82.47,83.90,53.79,41.00,19.22,77.85,104.40,71.13,52.49,59.83,52.43,9.15,80.10,75.21
Dec 1998,46.83,78.39,,,82.55,83.98,52.69,41.58,19.72,77.85,104.00,71.01,53.77,59.71,52.43,9.45,80.28,75.16
Jan 1999,47.16,78.56,,,82.31,83.81,51.58,42.82,20.01,77.89,103.50,70.95,55.13,60.85,52.82,9.90,79.84,75.35
Feb 1999,47.65,78.65,,,82.55,83.98,50.97,43.36,20.35,78.09,103.10,71.25,55.87,60.85,52.82,10.21,79.93,75.44
Mar 1999,48.18,78.99,,,82.80,84.07,50.84,43.25,20.83,78.19,103.20,71.37,56.39,60.66,52.82,10.63,80.37,75.67
Apr 1999,48.45,79.42,,,83.05,84.41,50.97,42.99,21.98,78.39,103.70,71.55,56.91,60.60,52.93,11.15,80.72,76.22
May 1999,48.59,79.59,,,83.05,84.41,51.46,42.87,22.19,78.59,103.70,71.43,57.25,60.66,52.88,11.47,80.98,76.22
Jun 1999,48.68,79.77,,,83.05,84.50,51.58,42.72,22.37,78.59,103.40,71.01,57.63,61.04,53.15,11.85,80.89,76.22
Jul 1999,49.22,79.94,,,82.88,84.84,52.07,42.27,22.19,78.79,103.00,70.77,58.01,61.11,53.21,12.30,80.37,76.45
Aug 1999,49.49,80.11,,,82.97,84.76,52.32,41.88,22.31,78.89,103.30,71.49,58.34,61.30,52.99,12.82,80.63,76.63
Sep 1999,49.64,80.37,,,83.13,84.58,52.69,41.53,22.50,78.99,103.60,71.67,58.90,61.61,53.21,13.58,80.98,77.00
Oct 1999,50.23,80.45,,,83.21,84.50,53.67,41.56,22.78,79.29,103.80,72.21,59.27,61.87,53.32,14.44,80.89,77.14
Nov 1999,50.71,80.37,,,83.21,84.67,53.79,41.66,22.91,79.39,103.20,72.09,59.80,62.00,53.43,15.05,80.98,77.18
Dec 1999,51.02,80.45,,,83.63,84.93,52.93,42.38,23.47,79.49,102.90,71.97,60.40,62.06,53.60,15.94,81.24,77.18
Jan 2000,51.33,80.28,,,83.63,85.21,52.93,42.94,23.97,79.59,102.80,72.09,61.21,62.49,54.22,16.72,80.45,77.41
Feb 2000,51.40,80.80,,,83.71,85.31,52.81,42.97,24.25,79.89,102.50,72.27,61.75,62.66,54.05,17.34,80.72,77.87
Mar 2000,51.51,81.40,,,84.12,85.31,53.30,42.78,24.59,80.09,102.70,72.52,62.09,62.66,54.61,17.84,80.89,78.51
Apr 2000,51.73,81.14,,,84.12,85.31,53.79,43.02,24.91,80.19,102.90,72.27,62.45,62.82,55.34,18.26,81.15,78.56
May 2000,51.73,81.48,,,84.29,85.21,54.04,43.38,24.96,80.49,103.00,72.21,62.68,62.99,55.56,18.66,81.42,78.65
Jun 2000,51.85,82.00,,,84.45,85.61,54.28,43.59,25.27,80.69,102.80,72.58,63.05,63.24,55.90,18.79,81.50,79.06
Jul 2000,52.69,82.26,,,84.29,86.01,54.65,44.15,25.08,80.89,102.50,72.82,63.31,63.57,56.40,19.21,81.07,79.25
Aug 2000,53.38,82.17,,,84.45,85.81,54.41,44.38,25.32,80.89,102.80,73.42,63.66,63.82,56.62,19.63,81.07,79.25
Sep 2000,53.50,82.51,,,84.95,86.01,54.53,44.35,25.58,81.09,102.70,74.50,64.11,63.98,56.90,20.23,81.76,79.66
Oct 2000,53.58,82.68,,,84.78,85.91,55.14,44.87,25.71,81.39,102.70,74.26,64.56,64.40,57.07,20.86,81.68,79.80
Nov 2000,53.75,82.94,,,85.03,86.01,55.27,45.46,25.98,81.59,102.40,73.96,65.11,65.15,57.18,21.63,81.85,79.84
Dec 2000,54.06,83.03,,,84.95,86.71,54.77,46.34,26.48,81.59,102.50,74.26,65.80,65.64,57.35,22.17,81.85,79.80
Jan 2001,54.37,82.68,,,84.62,86.41,54.65,46.50,26.68,81.99,102.50,74.41,66.18,66.14,58.08,22.72,81.15,80.30
Feb 2001,54.62,83.11,,,84.86,86.91,54.41,46.90,26.90,82.29,102.10,75.15,66.13,66.31,58.25,23.13,81.33,80.62
Mar 2001,54.83,83.37,,,85.19,86.91,54.65,47.32,27.37,82.39,101.90,75.80,66.55,66.31,58.64,24.54,81.59,80.81
Apr 2001,55.15,83.97,,,85.61,87.31,55.02,47.54,27.88,82.69,102.10,76.10,66.88,66.31,58.92,27.07,82.11,81.13
May 2001,55.37,84.66,,,86.19,87.61,55.39,48.07,27.88,82.89,102.20,76.02,67.04,66.47,59.14,28.44,82.73,81.49
Jun 2001,55.66,84.75,,,86.19,87.71,56.13,48.87,27.91,83.09,101.90,76.24,67.19,66.97,59.42,29.33,82.90,81.63
Jul 2001,56.40,84.49,,,86.02,87.81,56.86,49.91,28.13,83.19,101.60,76.39,67.02,67.39,59.37,30.03,82.29,81.40
Aug 2001,56.80,84.49,,,86.02,87.61,57.23,49.81,28.31,83.19,102.00,76.68,67.42,67.47,59.25,30.92,82.55,81.40
Sep 2001,56.96,84.66,,,86.19,87.61,57.11,50.13,28.44,83.19,101.80,76.61,68.05,67.63,59.42,32.74,82.81,81.77
Oct 2001,57.43,84.23,,,86.27,87.51,56.86,50.47,28.60,83.39,101.80,76.61,68.35,67.72,59.37,34.73,82.73,81.49
Nov 2001,57.84,83.46,,,86.02,87.31,57.97,51.33,28.75,83.49,101.30,76.17,68.61,67.88,59.65,36.19,82.55,81.36
Dec 2001,58.21,83.63,,,86.10,88.11,57.60,52.16,29.30,83.59,101.20,76.31,68.70,68.05,59.98,37.36,82.73,81.03
Jan 2002,58.52,83.80,,,86.52,88.21,57.35,53.20,29.74,83.89,100.58,76.75,69.34,68.30,60.99,39.35,82.46,81.22
Feb 2002,58.72,84.32,,,86.60,88.51,57.23,54.00,30.08,84.19,100.50,77.12,69.30,68.22,61.66,40.04,82.55,81.54
Mar 2002,59.08,84.92,,,87.01,88.71,57.48,53.98,30.58,84.39,100.70,77.56,69.65,68.46,62.28,40.51,82.90,82.00
Apr 2002,59.55,85.43,,,87.34,88.61,57.60,53.86,31.15,84.59,101.00,78.00,70.03,68.55,63.28,41.35,83.25,82.46
May 2002,59.68,85.60,,,87.42,88.71,57.97,54.29,31.87,84.89,101.30,78.29,70.17,68.63,63.73,41.59,83.42,82.46
Jun 2002,59.93,85.78,,,87.42,88.71,58.46,54.48,32.34,84.89,101.20,78.22,70.52,68.71,64.18,41.83,83.42,82.50
Jul 2002,60.64,86.29,,,87.42,88.81,59.07,54.93,32.44,85.09,100.80,78.00,70.71,69.05,65.07,42.43,83.16,82.59
Aug 2002,61.03,86.63,,,87.59,88.71,59.44,55.08,32.54,85.19,101.10,78.51,70.99,69.29,65.41,43.36,83.42,82.87
Sep 2002,61.47,86.63,,,87.75,88.71,59.56,55.38,33.07,85.39,101.10,78.95,71.41,69.29,66.08,44.87,83.60,83.01
Oct 2002,62.28,86.89,,,87.92,88.61,59.81,55.68,32.99,85.59,100.90,78.73,71.73,69.29,67.09,46.34,83.77,83.14
Nov 2002,64.16,87.15,,,87.92,88.31,60.06,56.71,33.44,85.89,100.90,78.80,72.31,69.29,67.31,47.69,83.77,83.14
Dec 2002,65.51,86.81,,,88.08,89.11,59.44,57.39,34.11,85.89,100.90,79.17,72.62,69.46,67.42,48.47,84.12,82.96
Jan 2003,66.98,87.58,,,88.25,89.11,59.32,57.86,34.80,86.29,100.60,79.68,72.92,69.63,68.04,49.73,83.60,83.33
Feb 2003,68.03,88.27,,,88.83,89.61,59.44,57.96,35.45,86.39,100.30,80.12,73.12,69.79,67.98,50.85,83.86,83.97
Mar 2003,68.87,88.52,,,89.24,89.71,59.81,57.84,35.92,86.69,100.60,81.07,73.58,69.88,68.65,52.43,84.12,84.47
Apr 2003,69.54,87.92,,,89.07,89.41,60.55,57.91,36.70,86.89,100.90,80.92,73.71,70.04,68.88,53.52,84.47,84.29
May 2003,69.96,88.01,,,88.99,89.21,60.67,58.03,37.09,87.19,101.10,80.77,73.47,70.12,68.71,54.37,84.47,84.15
Jun 2003,69.86,88.01,,,89.16,89.51,61.04,58.07,37.59,87.19,100.80,80.55,73.53,70.62,68.49,54.28,84.30,84.24
Jul 2003,70.00,88.09,,,89.07,89.71,61.53,58.09,37.90,87.39,100.60,80.48,73.64,70.62,68.49,54.07,84.30,84.34
Aug 2003,70.23,88.35,,,89.24,89.71,61.28,58.60,37.98,87.59,100.80,80.85,73.86,70.79,68.77,54.16,84.56,84.66
Sep 2003,70.78,88.52,,,89.57,89.61,61.28,58.80,37.91,87.69,100.90,81.58,74.30,70.79,68.54,55.19,84.82,84.93
Oct 2003,70.99,88.27,,,89.82,89.61,61.78,59.15,38.17,87.79,100.90,81.65,74.57,70.87,68.09,55.97,84.91,84.84
Nov 2003,71.23,88.52,,,89.90,89.41,61.90,59.73,38.62,87.99,100.40,81.50,75.19,70.95,67.59,56.87,84.91,84.61
Dec 2003,71.60,88.61,,,89.98,90.11,61.65,60.31,39.52,88.09,100.50,81.87,75.51,71.20,67.65,57.37,85.17,84.52
Jan 2004,72.14,88.69,,,89.98,90.11,61.90,60.65,40.02,88.19,100.30,82.38,75.98,71.62,68.15,57.80,84.73,84.93
Feb 2004,72.58,88.87,,,90.40,90.31,61.90,60.64,40.28,88.39,100.30,82.75,76.44,71.78,68.49,58.12,84.91,85.39
Mar 2004,72.92,89.21,,,90.73,90.61,61.90,60.86,40.92,88.69,100.50,83.55,76.69,72.03,68.93,58.63,85.08,85.94
Apr 2004,73.19,89.38,,,90.97,90.91,61.90,61.45,41.83,88.89,100.50,83.55,76.81,72.28,69.05,58.97,85.43,86.22
May 2004,73.57,90.15,,,91.30,91.11,62.39,61.99,42.36,89.19,100.60,83.48,76.62,72.61,69.10,59.20,85.70,86.72
Jun 2004,74.09,90.24,,,91.30,91.11,62.88,62.29,42.90,89.29,100.80,83.48,76.74,73.53,69.33,59.12,85.70,87.00
Jul 2004,74.76,90.15,,,91.14,91.31,63.49,62.53,43.34,89.39,100.50,83.99,76.94,74.52,69.55,59.25,85.43,86.86
Aug 2004,75.28,89.98,,,91.39,91.41,64.11,62.59,43.63,89.59,100.60,84.72,77.42,74.85,69.44,59.59,85.70,86.90
Sep 2004,75.53,90.15,,,91.47,91.21,64.23,62.60,43.82,89.59,100.90,84.72,78.06,75.19,69.44,60.16,85.78,87.09
Oct 2004,75.86,90.33,,,91.72,91.31,64.60,62.95,44.42,89.59,101.40,84.72,78.60,75.35,69.72,61.49,85.96,87.55
Nov 2004,76.38,90.67,,,91.72,91.11,64.48,63.51,44.79,89.69,101.20,84.21,79.27,75.77,70.11,62.44,86.13,87.59
Dec 2004,77.04,90.50,,,91.88,92.11,63.99,64.17,45.42,89.89,100.70,84.36,79.43,76.27,69.94,62.72,86.57,87.27
Jan 2005,77.49,90.41,,,91.39,91.41,64.60,65.08,46.12,89.89,100.50,84.94,79.43,76.85,70.16,64.18,86.13,87.45
Feb 2005,77.94,90.76,,,91.88,91.81,64.48,64.97,46.77,90.19,100.20,85.45,79.70,77.01,70.28,64.19,86.31,87.96
Mar 2005,78.42,91.27,,,92.46,92.21,64.48,66.17,47.75,90.39,100.50,86.11,80.06,77.18,71.00,64.36,86.74,88.65
Apr 2005,79.10,91.53,,,92.62,92.01,64.97,66.44,49.58,90.59,100.60,86.18,80.34,77.51,71.40,64.82,87.09,89.24
May 2005,79.49,91.61,,,92.71,92.21,64.72,66.58,48.92,90.89,100.70,86.04,80.14,77.93,71.40,65.41,87.36,89.15
Jun 2005,79.47,91.79,,,92.87,92.31,64.97,66.91,48.79,90.89,100.30,85.74,80.06,78.42,71.28,65.48,87.36,89.20
Jul 2005,79.67,91.96,,,92.71,92.71,66.07,67.43,48.39,91.19,100.20,86.11,80.38,79.00,71.90,65.10,87.44,89.61
Aug 2005,79.81,92.30,,,93.04,92.81,66.32,67.80,48.34,91.39,100.30,86.40,80.47,79.42,72.18,65.66,87.70,90.07
Sep 2005,80.09,93.07,,,93.45,92.91,66.57,68.27,48.60,91.39,100.60,86.99,80.80,79.67,72.46,66.33,87.88,91.17
Oct 2005,80.69,92.64,,,93.37,93.01,67.30,74.21,49.13,91.59,100.60,86.84,80.99,80.00,72.51,67.52,87.97,91.35
Nov 2005,81.13,92.47,,,93.20,92.71,67.92,75.18,49.78,91.69,100.20,86.26,81.58,80.50,72.46,68.46,87.97,90.62
Dec 2005,81.42,92.39,,,93.28,93.41,67.55,75.15,50.57,91.69,100.30,86.55,82.08,80.75,72.46,68.75,88.23,90.25
Jan 2006,81.90,92.90,,,93.24,93.11,67.65,76.17,51.15,91.89,100.40,87.08,82.56,81.41,72.96,69.27,87.79,90.94
Feb 2006,82.24,92.73,,,93.58,93.51,67.65,76.61,51.78,92.09,100.10,87.25,82.69,81.99,73.02,69.42,88.14,91.12
Mar 2006,82.59,93.25,,,93.85,93.51,67.65,76.64,52.71,92.29,100.30,87.77,82.79,82.24,73.41,69.61,88.32,91.63
Apr 2006,82.77,93.76,,,94.24,93.81,68.21,76.67,52.92,92.59,100.50,87.86,82.91,82.41,73.75,70.54,88.84,92.41
May 2006,82.85,94.19,,,94.66,93.81,68.78,76.96,53.42,92.89,100.80,88.03,82.54,82.57,74.19,71.86,89.28,92.87
Jun 2006,82.68,94.02,,,94.65,94.01,69.92,77.31,54.38,92.89,100.80,87.86,82.61,83.07,74.75,72.10,89.54,93.05
Jul 2006,82.83,94.10,,,94.49,94.41,70.49,77.66,54.33,93.19,100.50,88.20,82.84,83.32,75.48,72.71,89.54,93.32
Aug 2006,82.87,94.28,,,94.81,94.21,70.49,77.90,54.56,93.39,101.20,88.72,83.26,83.57,76.10,72.39,89.89,93.51
Sep 2006,83.05,93.76,,,94.60,93.91,71.06,78.20,55.61,93.29,101.20,88.98,84.10,83.57,76.26,73.32,89.98,93.05
Oct 2006,83.32,93.59,,,94.39,94.01,72.19,78.88,56.39,93.19,101.00,88.55,84.47,83.73,76.43,74.25,90.15,92.55
Nov 2006,83.58,93.76,,,94.50,94.01,72.19,79.14,56.85,93.29,100.50,88.12,84.91,83.90,76.38,75.21,90.33,92.41
Dec 2006,83.98,93.93,,,94.71,94.71,72.19,80.11,58.22,93.39,100.60,88.37,85.41,84.07,76.65,75.39,90.85,92.55
Jan 2007,84.36,93.93,,,94.39,94.71,72.19,81.23,59.36,93.39,100.40,88.55,85.85,84.48,77.33,76.14,90.15,92.83
Feb 2007,84.73,94.62,,,94.56,95.11,72.76,81.57,60.14,93.69,99.90,89.15,86.09,84.40,77.21,76.47,90.59,93.32
Mar 2007,85.04,95.39,,,94.97,95.31,72.19,81.72,60.78,93.89,100.20,89.67,86.27,84.40,77.89,77.17,91.02,94.17
Apr 2007,85.25,95.82,,,95.43,95.81,72.76,81.71,61.83,93.99,100.50,90.01,86.22,84.56,78.89,78.10,91.29,94.79
May 2007,85.49,96.25,,,95.67,95.81,73.33,81.80,62.28,94.29,100.80,90.10,85.80,84.81,79.34,78.49,91.55,95.37
Jun 2007,85.72,96.08,,,95.79,95.81,73.90,81.95,63.11,94.49,100.60,90.10,85.90,85.23,80.01,78.30,91.72,95.55
Jul 2007,85.93,96.16,,,95.55,96.31,75.04,82.43,63.61,94.69,100.50,90.44,86.27,85.73,80.80,77.73,91.20,95.53
Aug 2007,86.33,95.91,,,95.93,96.21,75.60,82.90,63.98,94.89,101.00,90.53,86.62,85.81,81.19,77.75,91.46,95.35
Sep 2007,86.48,96.08,,,96.03,96.41,75.60,83.48,65.58,94.89,101.00,91.04,87.29,85.98,81.75,78.55,91.55,95.61
Oct 2007,86.74,95.82,,,96.27,96.61,76.17,84.14,66.58,95.19,101.30,91.22,87.63,86.14,82.47,79.97,91.99,95.82
Nov 2007,87.07,96.08,,,96.80,97.11,76.17,84.31,67.72,95.49,101.10,91.22,88.25,86.47,82.81,81.53,92.25,96.39
Dec 2007,87.71,96.16,,,97.16,97.71,76.17,84.75,69.64,95.79,101.30,91.56,88.62,87.14,83.54,81.71,92.77,96.32
Jan 2008,88.18,95.99,,,97.05,97.41,76.17,86.15,70.74,96.19,101.10,91.99,89.03,88.38,85.41,82.37,92.16,96.80
Feb 2008,88.62,96.34,,,97.26,97.81,76.74,86.79,72.29,96.49,100.90,92.34,89.29,88.71,85.95,83.43,92.86,97.08
Mar 2008,89.04,96.68,,,97.99,98.31,77.88,87.53,74.44,96.99,101.40,93.20,89.94,89.38,87.20,84.23,93.21,97.92
Apr 2008,89.53,97.45,,,98.32,98.11,78.45,87.76,76.77,97.19,101.30,93.71,90.14,90.71,87.74,85.64,93.99,98.52
May 2008,90.24,98.40,,,98.84,98.71,79.01,88.85,78.05,97.69,102.10,94.49,90.05,91.78,88.36,86.92,94.61,99.35
Jun 2008,90.90,99.08,,,99.20,98.91,79.58,91.00,79.79,98.09,102.60,95.09,90.42,93.28,89.62,86.61,95.22,100.35
Jul 2008,91.38,99.43,,,99.00,99.51,81.29,92.25,80.20,98.59,102.80,95.78,90.92,94.44,90.78,87.11,95.22,100.88
Aug 2008,91.64,99.26,,,98.96,99.21,82.43,92.72,81.66,98.69,103.10,95.61,91.45,94.85,91.32,86.89,95.83,100.47
Sep 2008,91.88,99.34,,,98.90,99.11,82.99,93.62,84.86,98.49,103.10,95.69,92.07,94.69,91.86,87.29,96.35,100.33
Oct 2008,92.29,98.31,,,98.84,98.91,84.13,94.04,86.23,98.49,103.00,95.61,92.70,94.52,92.04,89.56,96.09,99.32
Nov 2008,92.63,97.97,,,98.38,98.41,84.13,94.16,86.92,98.09,102.10,95.35,93.75,94.36,92.12,90.30,96.00,97.42
Dec 2008,92.89,97.28,,,98.14,98.81,83.56,94.12,88.01,97.99,101.70,95.35,94.40,93.94,91.95,89.93,95.65,96.41
Jan 2009,93.33,97.02,99.96,,97.73,98.31,84.13,94.06,87.69,97.79,101.10,95.44,94.62,94.69,92.33,90.19,94.96,96.83
Feb 2009,93.84,97.71,98.66,,98.11,98.91,84.13,94.25,87.33,97.99,100.80,96.13,94.83,95.10,93.35,89.88,95.74,97.31
Mar 2009,94.03,97.88,98.70,,98.29,98.71,84.13,94.46,87.69,98.09,101.10,96.81,95.37,95.27,94.60,90.87,95.92,97.55
Apr 2009,94.48,97.80,98.55,,98.44,98.81,85.27,94.17,88.65,98.29,101.20,97.07,95.71,95.77,95.05,90.89,96.18,97.79
May 2009,94.93,98.48,98.33,,98.59,98.71,85.84,94.21,89.75,98.49,101.00,97.07,95.43,95.77,95.39,91.47,96.70,98.07
Jun 2009,95.27,98.83,98.67,,98.72,99.01,86.97,94.32,91.35,98.59,100.80,96.99,95.60,96.27,95.85,91.58,96.96,98.92
Jul 2009,95.50,98.48,98.24,,98.28,99.01,90.95,94.74,91.39,98.59,100.50,97.33,95.86,96.51,96.87,91.80,96.88,98.76
Aug 2009,95.64,98.48,97.79,,98.78,99.21,92.09,95.27,92.35,98.89,100.80,97.68,96.09,96.51,97.09,91.53,97.31,98.98
Sep 2009,95.87,98.48,98.90,,98.54,98.91,92.66,96.27,92.72,98.69,100.80,97.76,96.58,96.85,97.55,91.89,97.40,99.04
Oct 2009,96.13,98.40,98.89,,98.63,98.91,93.79,96.45,92.81,98.69,100.40,97.50,96.87,97.26,97.55,94.10,97.58,99.14
Nov 2009,96.53,98.91,98.50,,98.77,98.81,95.50,96.43,93.31,98.69,100.20,97.68,97.37,97.68,97.55,95.30,97.84,99.21
Dec 2009,96.89,98.57,98.12,,99.03,99.61,96.07,96.74,94.50,98.99,100.00,98.02,97.77,98.09,97.77,95.80,98.36,99.03
Jan 2010,97.61,98.83,98.64,,98.81,99.01,97.77,97.55,94.55,99.09,100.10,98.80,98.84,98.34,98.00,97.57,98.19,99.37
Feb 2010,98.37,99.26,98.91,,99.36,99.41,96.64,97.84,95.10,99.19,100.00,99.00,99.41,98.84,98.68,98.99,98.62,99.40
Mar 2010,98.89,99.26,98.99,,99.84,99.91,96.64,97.70,96.83,99.49,100.30,99.20,100.11,99.00,99.48,99.56,99.15,99.81
Apr 2010,99.45,99.60,99.46,,100.10,100.01,96.64,97.85,97.79,99.79,100.40,99.60,99.80,99.59,99.59,100.16,99.76,99.98
May 2010,99.88,99.86,99.81,,100.21,99.91,97.77,98.13,98.20,99.89,100.30,99.70,99.17,99.50,99.82,99.80,99.93,100.06
Jun 2010,99.88,99.77,99.81,,100.20,99.91,98.91,99.08,98.89,99.89,100.10,99.60,99.14,99.75,99.82,99.24,100.11,99.96
Jul 2010,99.89,100.29,100.45,,99.92,100.11,101.18,100.64,99.98,100.19,99.50,99.80,99.35,100.08,100.50,98.76,99.85,99.98
Aug 2010,99.93,100.20,100.35,,100.15,100.21,101.18,101.41,101.22,100.49,99.70,100.30,99.63,100.50,100.50,99.16,100.37,100.12
Sep 2010,100.38,100.37,100.76,,100.08,100.11,101.75,101.85,102.00,100.19,99.90,101.10,100.15,100.50,100.61,100.38,100.37,100.18
Oct 2010,101.13,100.80,100.86,,100.21,100.21,102.89,101.92,103.82,100.49,100.20,101.10,100.77,100.41,100.84,102.21,100.63,100.30
Nov 2010,101.97,100.89,100.92,,100.33,100.31,103.46,102.53,105.01,100.49,99.90,100.60,101.57,101.33,100.95,102.24,100.98,100.34
Dec 2010,102.61,100.89,101.04,,100.78,100.91,105.16,103.47,106.61,100.79,99.60,101.00,102.08,101.66,101.18,101.93,102.03,100.52
Jan 2011,103.47,101.14,101.33,103.50,100.54,100.71,106.87,104.40,109.49,101.19,99.50,102.20,102.57,102.24,101.63,102.35,102.12,100.99
Feb 2011,104.29,101.40,101.55,104.80,101.01,101.31,105.16,104.54,112.23,101.49,99.50,102.90,102.96,103.49,102.31,103.10,102.90,101.49
Mar 2011,105.12,102.52,102.32,104.60,101.84,101.91,105.16,104.20,116.07,101.89,99.80,103.30,103.16,103.82,103.56,103.53,103.17,102.48
Apr 2011,105.93,102.86,102.65,104.70,102.18,101.91,105.73,103.88,117.03,102.39,99.90,103.40,103.15,104.23,103.90,104.43,104.21,103.14
May 2011,106.43,103.55,103.06,104.80,102.24,101.91,106.30,104.00,118.99,102.49,99.90,103.60,102.39,104.40,104.35,106.96,104.39,103.63
Jun 2011,106.58,102.86,103.24,105.10,102.32,102.01,107.44,104.57,120.96,102.59,99.70,103.80,102.38,104.98,104.81,105.43,104.30,103.52
Jul 2011,106.76,103.03,103.37,105.60,101.87,102.21,109.71,105.27,121.05,102.89,99.70,104.30,102.87,104.98,105.71,104.99,104.30,103.61
Aug 2011,107.15,103.29,103.54,105.90,102.40,102.31,110.28,106.26,122.28,103.19,99.90,105.00,103.04,105.15,105.94,105.76,104.91,103.89
Sep 2011,107.72,103.55,104.05,106.40,102.32,102.51,111.98,106.55,124.43,103.19,99.90,104.90,103.29,105.23,106.39,106.55,105.61,104.05
Oct 2011,108.18,103.72,104.55,106.50,102.56,102.51,112.55,106.42,126.26,103.79,100.00,104.70,103.99,105.64,106.85,110.04,105.70,103.84
Nov 2011,108.74,103.81,104.89,106.30,102.84,102.71,113.12,106.79,128.23,103.69,99.40,104.80,105.11,106.06,107.19,111.94,105.87,103.75
Dec 2011,109.28,103.21,105.53,106.60,103.27,102.91,111.98,107.39,130.51,104.09,99.40,105.20,105.98,105.89,107.30,112.58,106.31,103.49
Jan 2012,109.90,103.63,105.62,108.20,102.90,102.81,112.55,108.51,133.33,104.39,99.60,105.62,106.73,106.31,107.98,113.22,105.79,103.95
Feb 2012,110.39,104.06,106.03,108.10,103.32,103.51,113.12,108.48,136.91,104.79,99.80,106.02,106.94,106.31,108.55,113.86,106.40,104.41
Mar 2012,110.62,104.49,106.20,108.30,104.18,104.11,114.26,108.56,141.40,105.29,100.30,106.05,107.00,106.56,109.80,114.33,106.75,105.20
Apr 2012,111.33,104.92,106.26,108.20,104.32,103.91,116.53,108.78,144.60,105.79,100.40,106.04,106.67,107.39,110.25,116.06,107.36,105.52
May 2012,111.73,104.84,106.29,107.90,104.26,103.91,117.10,108.84,147.93,105.79,100.10,106.23,106.33,107.55,110.25,115.81,107.27,105.39
Jun 2012,111.82,104.41,105.97,107.30,104.31,103.71,118.24,109.41,149.47,105.99,99.60,106.08,106.82,108.05,110.59,114.78,106.84,105.24
Jul 2012,112.30,104.32,105.96,107.40,103.84,104.11,120.51,110.04,152.67,106.09,99.30,105.84,107.42,108.38,110.93,114.51,107.01,105.07
Aug 2012,112.76,104.58,106.19,108.10,104.54,104.51,121.65,110.92,155.49,106.49,99.40,106.33,107.74,109.13,111.16,115.15,107.53,105.65
Sep 2012,113.40,104.75,107.01,108.40,104.27,104.61,122.22,110.93,159.71,106.49,99.60,107.09,108.22,109.13,112.18,116.34,107.88,106.12
Oct 2012,114.07,104.92,107.61,108.30,104.47,104.61,123.35,111.11,167.53,106.49,99.60,106.89,108.77,109.05,112.86,118.62,108.50,106.08
Nov 2012,114.76,104.67,107.13,108.50,104.31,104.71,123.92,111.15,175.21,106.29,99.20,106.51,109.51,109.05,113.20,119.07,108.67,105.58
Dec 2012,115.66,104.06,107.10,109.30,104.64,105.01,124.49,111.63,179.31,106.49,99.30,106.70,109.76,109.05,113.43,119.52,109.19,105.29
Jan 2013,116.66,104.15,107.14,110.40,104.11,104.51,125.63,112.68,182.51,106.69,99.30,107.34,110.20,109.63,113.77,121.49,108.67,105.61
Feb 2013,117.36,105.35,107.27,111.60,104.40,105.11,126.76,113.47,192.24,106.79,99.20,107.70,110.74,109.88,114.90,121.86,109.37,106.47
Mar 2013,117.91,105.52,107.87,110.60,105.20,105.61,127.33,114.01,199.67,106.99,99.40,107.60,111.55,109.96,116.26,122.66,109.72,106.75
Apr 2013,118.56,105.35,107.67,110.80,105.04,105.11,128.47,114.06,205.56,106.99,99.70,107.45,111.63,110.21,116.72,123.18,109.98,106.64
May 2013,119.00,105.61,107.62,110.20,105.10,105.51,129.61,114.17,209.66,106.99,99.80,107.45,111.26,110.37,116.38,123.36,110.16,106.83
Jun 2013,119.30,105.61,108.12,110.20,105.27,105.61,131.31,115.34,216.84,107.29,99.80,107.32,111.19,110.95,116.72,124.30,109.98,107.08
Jul 2013,119.34,105.70,108.17,110.30,104.96,106.11,133.59,118.82,219.91,107.39,100.00,107.55,111.15,111.12,117.96,124.69,109.89,107.13
Aug 2013,119.63,105.70,108.47,110.80,105.45,106.11,134.72,119.99,222.47,107.79,100.30,107.93,111.47,111.37,118.30,124.56,110.42,107.26
Sep 2013,120.04,105.87,109.00,111.70,105.20,106.11,135.29,119.70,226.19,107.49,100.60,108.14,111.89,112.03,118.87,125.51,110.77,107.38
Oct 2013,120.73,105.61,109.33,111.80,105.06,105.91,137.00,119.92,228.87,107.29,100.70,107.81,112.42,112.20,119.10,127.77,110.85,107.10
Nov 2013,121.38,105.61,109.60,111.70,105.02,106.11,138.13,120.12,231.18,106.99,100.80,107.79,113.47,112.70,119.21,127.78,110.94,106.89
Dec 2013,122.50,105.35,109.99,112.00,105.37,106.51,135.86,120.65,232.33,107.19,100.90,107.92,114.12,113.53,119.55,128.37,111.38,106.88
