,Australia,Austria,Belgium,Canada,Denmark,Finland,France,Germany,Greece,Ireland,Italy,Japan,Netherlands,New Zealand,Norway,Portugal,Spain,Sweden,Switzerland,United Kingdom
Jan 1980,90.37,97.75,114.89,91.87,92.97,110.33,116.42,118.51,82.74,88.14,94.25,68.73,107.79,84.89,90.97,72.49,95.84,143.65,88.22,107.42
Feb 1980,90.18,97.35,114.02,92.55,92.19,111.03,115.68,118.02,83.09,88.14,95.23,67.28,107.35,85.05,92.51,75.72,96.05,144.02,85.65,110.06
Mar 1980,91.21,96.58,112.58,92.33,91.10,111.58,115.11,115.91,82.23,88.10,93.66,67.38,106.24,85.44,93.20,77.53,96.30,144.23,82.86,110.47
Apr 1980,91.77,96.31,112.52,91.31,90.71,114.05,115.51,114.47,83.03,89.07,93.36,67.10,105.59,85.47,93.63,76.73,93.54,144.20,83.36,112.84
May 1980,91.62,96.49,112.83,90.23,90.62,113.82,115.56,114.76,78.43,91.29,94.10,71.94,105.52,84.89,93.36,75.71,91.17,143.55,84.33,113.13
Jun 1980,91.71,96.93,112.52,91.03,90.86,112.95,115.98,113.99,78.85,91.90,94.26,74.68,105.34,84.53,93.25,75.26,91.69,143.12,84.10,113.67
Jul 1980,92.04,97.21,112.81,91.44,92.47,113.21,117.32,113.51,78.55,92.69,95.18,73.32,105.95,84.52,93.50,75.56,90.37,143.63,84.52,114.98
Aug 1980,92.83,97.15,111.82,91.85,91.59,114.63,117.03,112.16,81.09,92.32,95.66,72.49,105.68,84.92,94.49,75.39,90.19,143.75,83.47,116.53
Sep 1980,92.56,96.51,110.87,90.92,90.72,114.67,116.69,110.86,80.88,91.49,95.86,75.33,105.33,84.94,94.49,74.58,89.20,146.88,83.28,117.89
Oct 1980,92.76,95.56,109.99,90.73,89.88,115.20,116.19,108.59,82.08,89.77,95.42,77.52,103.86,85.40,94.79,74.71,89.14,147.88,83.20,120.36
Nov 1980,93.42,94.32,108.66,90.56,88.67,115.87,114.51,106.94,82.14,86.91,95.30,77.16,102.39,86.13,95.32,75.29,89.69,148.10,82.43,123.10
Dec 1980,94.16,93.87,107.89,90.17,88.61,115.88,114.18,105.95,84.11,86.97,95.35,78.49,101.34,85.85,94.48,75.94,88.29,147.65,81.25,122.24
Jan 1981,94.65,93.30,106.33,90.91,87.42,115.83,113.38,104.46,80.68,86.24,94.88,81.95,100.28,86.18,94.12,76.42,87.14,146.36,80.28,126.53
Feb 1981,95.75,92.41,104.98,91.96,85.76,115.68,111.57,102.56,83.25,85.57,93.99,81.91,98.22,86.77,95.25,77.24,85.83,149.36,79.20,126.47
Mar 1981,96.33,93.38,104.92,93.03,86.19,115.85,111.32,104.46,83.13,86.75,93.80,80.39,97.87,86.15,96.01,76.97,87.01,149.41,79.78,123.33
Apr 1981,97.27,93.39,104.45,94.32,86.37,116.21,111.35,104.14,81.66,86.66,92.31,78.48,97.47,86.44,96.82,78.00,87.14,149.85,79.06,123.81
May 1981,98.84,92.54,103.18,95.06,85.63,116.67,108.65,102.43,81.92,85.39,92.19,78.21,96.14,87.19,97.71,79.05,87.30,150.39,79.39,123.90
Jun 1981,100.50,92.02,102.50,96.50,85.70,117.05,109.06,101.11,82.48,85.75,92.24,77.88,95.42,86.98,96.86,79.00,86.22,150.43,81.57,120.01
Jul 1981,102.69,92.04,102.59,97.15,85.66,117.38,109.90,100.69,82.73,87.17,92.06,75.50,95.11,87.03,96.59,80.79,86.19,150.63,82.55,116.18
Aug 1981,103.86,92.08,102.35,97.16,85.05,117.58,109.40,100.09,86.14,87.77,92.15,75.49,94.65,87.18,97.20,81.55,86.13,150.18,82.05,115.14
Sep 1981,103.46,93.03,103.93,97.84,87.60,118.26,112.21,102.30,87.57,92.43,93.02,75.11,96.62,86.27,98.31,81.20,86.84,141.57,83.87,110.60
Oct 1981,103.30,95.01,104.05,97.81,88.17,119.38,110.71,105.18,87.43,94.32,91.41,73.63,99.46,85.85,98.11,81.62,86.27,135.13,87.78,110.85
Nov 1981,102.50,93.97,103.52,98.50,87.78,119.16,109.81,104.62,88.99,95.46,91.20,75.52,99.96,85.73,98.59,81.90,85.96,134.22,91.26,113.32
Dec 1981,101.59,93.48,102.56,99.06,87.01,119.43,109.03,103.62,87.65,94.94,91.40,77.43,99.44,86.19,99.82,82.07,85.71,133.01,90.37,114.86
Jan 1982,101.32,93.47,101.85,99.52,86.51,121.20,108.85,103.29,86.49,93.91,91.87,75.52,99.40,86.33,101.26,81.73,86.01,133.01,90.06,115.54
Feb 1982,101.18,93.18,99.32,99.94,85.53,121.52,109.03,102.62,86.48,92.36,92.15,73.25,99.09,87.14,102.36,83.35,86.93,134.32,90.12,115.85
Mar 1982,100.80,94.03,92.97,101.23,84.18,122.39,109.64,103.66,88.76,94.15,92.15,71.88,100.53,87.76,103.50,84.37,86.14,134.92,91.34,115.45
Apr 1982,101.26,94.65,93.19,101.62,84.22,122.55,109.67,104.06,89.02,95.14,91.76,71.14,99.80,88.26,104.09,84.46,86.52,135.09,89.16,114.38
May 1982,100.29,94.84,94.15,100.25,84.98,122.71,110.64,105.21,88.37,98.00,92.52,72.06,100.15,87.69,103.29,84.08,87.56,134.55,87.59,113.99
Jun 1982,101.60,94.30,93.52,98.84,83.72,123.56,106.00,105.25,86.99,96.57,92.31,69.48,100.08,88.91,104.10,79.26,86.86,135.21,85.89,115.39
Jul 1982,101.35,94.34,93.42,100.15,83.49,124.69,102.64,105.27,87.41,96.67,93.29,68.46,100.44,89.64,103.70,75.58,87.02,135.32,86.82,115.63
Aug 1982,99.25,94.18,93.44,102.74,83.52,124.27,101.93,104.88,87.61,96.76,94.75,68.32,100.57,90.02,99.47,75.41,87.79,135.63,86.84,115.31
Sep 1982,98.44,94.15,93.45,104.65,83.21,123.54,100.70,104.96,87.80,96.58,95.37,67.77,100.86,90.50,97.54,75.65,88.12,135.48,86.58,115.36
Oct 1982,98.89,94.55,93.65,106.34,85.17,115.04,100.89,105.65,88.80,96.47,95.46,66.11,101.46,90.97,97.81,75.53,87.76,121.33,86.47,116.51
Nov 1982,99.57,94.78,93.41,107.36,86.33,113.33,102.05,105.70,89.51,97.42,95.04,67.89,101.45,91.45,99.00,75.44,85.78,117.12,86.21,113.02
Dec 1982,99.55,95.14,93.74,104.42,87.19,114.35,104.31,107.51,88.98,99.23,97.13,72.76,101.88,90.36,99.00,75.44,79.18,115.52,88.32,107.38
Jan 1983,100.81,94.87,94.55,104.06,88.24,114.73,105.16,107.25,76.28,101.37,98.55,75.07,102.07,89.84,98.01,76.51,78.20,116.19,90.84,102.94
Feb 1983,101.06,95.01,94.59,105.10,88.03,115.17,105.59,106.88,77.82,101.79,99.20,74.52,101.62,89.93,98.85,77.03,78.00,115.38,89.93,101.75
Mar 1983,94.00,95.83,96.03,106.51,87.18,115.22,105.06,108.36,79.85,102.35,98.88,74.79,101.56,85.41,98.69,77.20,77.10,115.97,87.98,99.24
Apr 1983,93.01,95.38,94.79,105.76,87.59,115.80,101.99,107.80,81.02,98.17,99.05,75.41,99.90,84.10,99.82,76.40,76.93,116.93,89.00,103.65
May 1983,94.36,94.57,94.13,105.60,86.40,116.45,101.12,106.72,82.75,96.82,99.04,76.76,99.28,84.43,100.59,76.23,76.44,117.41,89.10,106.33
Jun 1983,95.92,93.91,93.75,106.99,85.18,117.84,100.71,105.52,84.19,95.85,99.00,75.59,98.84,84.89,100.70,73.82,75.42,118.53,88.96,107.18
Jul 1983,96.41,93.79,93.32,107.39,84.43,118.13,100.63,104.90,85.70,95.82,99.44,75.45,98.56,84.96,100.79,68.45,73.59,119.53,89.31,107.24
Aug 1983,98.42,93.42,93.08,108.58,83.40,118.10,99.88,104.05,84.73,95.06,98.57,75.16,97.73,85.53,101.19,69.32,74.36,119.71,89.28,107.77
Sep 1983,99.57,93.62,92.67,108.42,84.10,118.50,100.10,104.13,82.39,95.12,98.14,75.63,97.55,85.51,101.75,70.84,74.46,119.62,89.10,107.94
Oct 1983,101.48,94.37,92.43,107.60,84.48,118.13,100.18,104.69,81.75,96.12,98.62,78.39,98.02,85.13,101.89,71.28,74.43,119.48,89.85,105.99
Nov 1983,103.10,93.74,92.07,107.45,84.10,119.25,99.79,103.22,81.29,95.61,98.69,78.30,97.39,85.35,101.90,72.13,74.69,120.19,89.36,106.52
Dec 1983,101.93,93.22,91.80,107.53,83.68,118.78,99.28,102.48,81.05,95.48,98.27,79.05,96.79,85.72,100.62,73.29,74.89,121.17,90.03,105.26
Jan 1984,102.82,94.44,91.40,108.07,83.47,119.01,98.57,101.54,80.24,94.98,98.15,79.74,96.34,85.92,99.99,72.65,75.42,121.41,89.78,104.52
Feb 1984,104.71,95.31,92.35,107.17,84.47,119.52,99.57,102.83,79.71,96.66,98.44,79.26,97.09,85.57,100.16,72.35,76.58,119.72,88.49,104.39
Mar 1984,104.37,95.81,93.43,103.82,84.67,119.70,100.74,103.80,77.55,97.97,99.49,80.99,97.85,85.51,99.97,73.46,77.32,122.55,88.15,102.54
Apr 1984,101.90,95.75,93.52,103.53,84.03,120.95,100.60,103.00,77.65,98.35,100.08,81.41,97.62,85.87,100.25,73.86,77.96,122.97,87.64,101.03
May 1984,101.59,95.26,93.17,103.35,83.68,121.02,99.91,101.61,78.65,97.64,99.73,80.76,96.68,86.71,100.37,73.26,78.60,123.30,86.96,101.60
Jun 1984,99.56,95.95,93.27,102.85,84.00,121.21,100.53,102.08,79.16,97.87,100.36,79.63,96.74,87.16,100.54,75.04,78.62,122.89,86.28,100.95
Jul 1984,97.07,95.32,93.60,103.09,84.07,121.56,100.43,100.99,80.49,97.82,100.82,78.10,95.77,79.23,98.81,76.49,78.46,124.11,84.54,99.87
Aug 1984,99.32,95.41,93.59,104.78,84.02,121.71,100.29,100.10,80.05,97.58,100.20,77.90,95.20,71.13,98.49,76.37,78.05,125.08,85.00,100.74
Sep 1984,99.58,94.75,92.80,105.16,83.57,122.03,99.43,98.66,79.68,97.08,99.43,78.88,94.08,71.98,98.17,75.91,78.06,126.43,85.14,99.70
Oct 1984,100.83,94.40,92.73,105.17,83.82,122.22,99.41,98.64,77.83,97.44,98.99,79.04,94.03,72.41,96.55,75.68,78.19,126.37,85.59,97.81
Nov 1984,102.67,94.95,93.20,104.85,84.67,122.27,100.20,99.10,78.53,98.22,99.65,79.52,94.35,72.81,96.99,75.91,79.04,125.85,85.90,97.87
Dec 1984,102.63,94.49,93.31,105.70,84.66,121.39,99.65,97.89,79.00,98.76,100.29,79.35,93.56,73.92,96.75,74.95,79.37,127.61,85.25,95.74
Jan 1985,101.32,94.38,93.78,106.77,85.40,121.46,99.66,97.92,81.12,99.54,101.00,78.38,93.32,74.46,96.55,76.44,79.80,126.34,84.07,92.98
Feb 1985,94.16,94.02,93.39,105.98,84.75,121.28,99.22,97.10,81.35,98.40,100.63,77.72,92.24,75.30,96.32,77.19,79.47,127.45,82.73,93.03
Mar 1985,88.79,94.00,93.43,103.46,84.47,121.83,99.37,96.77,78.34,97.61,98.50,78.39,92.13,76.68,96.38,76.79,79.37,126.83,82.29,96.05
Apr 1985,81.82,94.51,93.73,102.83,85.00,122.30,100.94,97.68,78.06,97.49,98.78,78.38,92.78,75.97,97.36,76.38,80.85,125.36,83.74,102.23
May 1985,84.66,94.22,93.38,101.95,84.25,122.37,101.12,96.86,77.79,96.67,99.21,78.34,92.47,76.12,97.27,76.51,80.10,126.74,83.07,103.55
Jun 1985,82.73,94.15,93.29,102.26,84.22,122.55,101.39,96.72,78.60,96.70,100.05,78.89,92.70,77.16,97.80,76.10,79.24,126.82,83.20,105.15
Jul 1985,84.67,94.52,93.93,101.60,84.64,123.05,102.65,97.42,78.72,97.16,98.34,79.78,93.15,80.92,98.16,75.70,79.35,126.58,84.89,109.21
Aug 1985,84.90,95.04,94.59,100.32,85.24,123.73,104.00,98.95,77.98,99.54,98.00,80.23,94.48,86.56,98.42,74.89,79.70,126.11,86.60,107.17
Sep 1985,83.70,95.22,94.35,100.20,84.72,123.27,103.92,98.49,78.14,99.24,97.77,80.48,94.19,87.89,98.74,74.41,79.00,126.50,86.61,106.69
Oct 1985,81.81,95.67,95.06,97.56,85.89,123.50,105.27,99.61,71.66,101.04,99.10,86.85,94.88,90.65,98.62,74.00,78.49,126.49,87.59,105.33
Nov 1985,77.78,95.67,95.59,95.72,86.12,123.74,105.67,99.49,67.16,101.15,99.54,90.70,94.82,90.50,98.42,74.01,78.70,127.21,87.55,104.79
Dec 1985,78.26,96.50,95.62,94.12,87.02,123.66,106.34,100.69,68.74,102.59,100.20,90.38,95.81,83.30,98.94,74.20,79.07,127.16,86.89,103.59
Jan 1986,80.10,97.50,96.87,93.00,87.18,123.40,106.92,101.58,69.79,103.93,101.70,91.16,96.66,80.52,99.02,74.71,80.98,127.04,86.23,100.17
Feb 1986,78.64,97.90,96.73,91.62,87.38,123.54,107.76,102.58,69.51,106.08,103.09,97.59,97.54,81.76,99.70,75.05,82.00,126.07,87.90,97.00
Mar 1986,78.89,98.34,97.10,91.34,88.04,123.77,108.37,102.84,70.16,107.10,104.41,99.51,97.92,80.07,99.84,75.49,83.50,125.91,87.81,97.39
Apr 1986,80.45,98.25,97.87,92.31,89.85,123.95,104.98,102.43,70.57,107.11,104.10,101.32,97.92,84.59,99.96,76.09,83.68,126.36,88.22,99.58
May 1986,79.91,98.27,97.29,92.25,90.10,122.56,104.36,102.62,71.48,108.20,104.57,105.68,98.29,85.19,94.84,75.55,83.48,126.20,88.90,99.84
Jun 1986,76.67,98.01,97.56,91.33,90.10,121.53,104.70,102.44,71.98,108.09,105.03,105.03,97.91,83.45,94.33,75.21,83.86,126.06,89.70,99.39
Jul 1986,69.42,98.35,97.48,91.31,90.06,121.62,104.86,103.23,72.17,108.75,106.45,110.56,98.14,82.80,94.71,74.73,85.59,125.78,92.02,97.05
Aug 1986,66.98,98.97,98.38,90.25,91.58,122.44,105.12,104.84,72.89,104.13,108.19,112.52,99.69,78.16,94.81,74.36,86.09,125.01,93.94,93.36
Sep 1986,68.33,99.69,98.96,90.30,91.87,122.04,105.45,105.49,73.20,103.85,108.36,111.25,99.90,76.25,95.23,74.15,86.27,125.17,93.99,92.22
Oct 1986,70.56,100.54,99.70,90.43,93.47,122.55,106.92,106.20,73.46,105.86,109.46,109.85,100.97,81.72,95.10,74.12,87.22,125.36,93.94,88.47
Nov 1986,72.32,100.69,99.78,91.42,93.43,122.45,106.91,105.96,72.82,104.93,109.56,105.48,100.91,86.35,94.24,74.17,86.12,125.26,92.17,89.85
Dec 1986,73.84,100.83,99.91,91.57,93.98,122.62,106.89,106.48,71.57,105.63,110.19,104.48,101.38,85.50,93.78,74.24,85.95,124.79,92.37,90.02
Jan 1987,71.73,101.75,101.71,90.84,95.26,123.39,107.89,108.50,71.80,106.48,110.08,106.45,101.95,86.89,94.35,73.88,85.29,124.47,93.66,90.31
Feb 1987,72.20,101.60,102.30,92.14,95.55,124.06,108.45,108.74,72.23,106.80,110.28,106.30,102.04,88.58,95.92,73.73,85.19,124.32,93.17,90.47
Mar 1987,73.99,101.33,101.55,92.84,95.30,124.52,107.61,107.71,72.73,104.99,109.56,107.01,100.94,90.85,96.61,74.02,85.30,125.48,93.05,94.27
Apr 1987,75.13,101.14,101.21,91.93,94.87,124.97,107.33,107.11,73.26,104.50,109.19,112.41,100.49,91.57,97.39,73.81,85.46,125.16,93.96,94.94
May 1987,75.09,101.61,101.47,89.95,95.42,125.10,107.30,107.30,73.40,104.54,108.33,113.31,100.69,91.44,98.19,73.85,86.10,125.02,94.42,96.14
Jun 1987,76.50,101.95,101.26,90.83,95.07,125.18,107.24,106.99,73.97,104.68,108.40,110.76,100.57,94.28,99.01,73.66,86.62,125.02,93.64,95.32
Jul 1987,76.67,101.89,101.07,92.76,94.54,125.06,107.33,106.67,73.67,104.20,108.49,106.58,100.22,97.42,99.85,73.70,87.44,126.27,93.49,95.56
Aug 1987,76.54,101.50,100.84,92.57,93.27,125.22,106.83,106.24,73.46,103.96,108.67,108.45,99.95,96.04,100.01,73.69,88.52,126.41,93.65,94.76
Sep 1987,77.33,101.51,100.57,92.33,93.17,125.77,107.03,106.15,72.97,104.01,109.39,110.65,100.14,101.55,100.61,73.70,90.01,126.40,93.57,95.96
Oct 1987,75.94,101.36,100.22,92.75,93.79,126.28,106.93,106.16,73.58,103.98,110.00,109.38,100.15,103.62,100.56,74.16,92.03,126.30,93.64,96.67
Nov 1987,70.87,102.15,100.87,90.31,94.76,126.80,107.05,107.95,73.89,104.76,109.66,112.97,101.27,97.39,99.05,73.65,91.83,126.09,95.76,98.95
Dec 1987,71.87,102.12,100.82,89.69,95.42,126.56,107.52,108.11,74.09,104.78,110.27,116.95,101.47,99.62,97.72,73.77,91.60,125.24,96.83,99.46
Jan 1988,72.39,102.04,100.22,91.40,95.99,127.95,107.59,107.43,73.75,104.69,110.34,117.85,101.07,102.18,99.20,73.39,90.80,125.05,96.40,98.76
Feb 1988,73.63,101.87,99.97,93.28,96.15,121.73,106.80,106.73,73.79,104.09,109.46,116.85,100.56,104.41,100.45,73.68,91.05,127.06,95.45,98.14
Mar 1988,74.92,102.02,99.69,94.22,95.45,128.04,106.24,106.42,74.26,103.20,109.13,117.15,100.35,102.62,100.55,73.40,91.81,127.20,94.45,101.44
Apr 1988,76.15,101.73,99.27,94.87,94.73,128.58,105.85,105.93,74.95,102.04,108.48,118.33,99.87,100.92,101.78,73.38,92.39,128.03,94.04,103.77
May 1988,79.61,101.20,99.01,94.92,94.36,129.17,105.68,105.40,75.15,101.26,108.08,118.17,99.57,104.47,102.81,73.55,92.26,128.84,92.83,104.38
Jun 1988,84.12,100.92,98.58,97.32,94.72,129.06,105.47,104.49,75.24,101.24,107.52,116.98,98.53,107.42,102.60,73.77,91.56,129.07,92.52,102.12
Jul 1988,85.56,100.97,97.69,99.91,93.88,127.54,104.72,103.42,75.48,100.28,106.54,113.26,97.31,105.29,101.37,74.26,90.42,129.59,91.84,101.83
Aug 1988,87.19,100.25,97.02,99.13,92.95,127.34,103.55,102.59,75.69,98.76,106.31,113.61,96.50,102.69,100.30,74.33,91.23,129.16,90.24,103.87
Sep 1988,86.20,100.57,97.31,98.92,93.22,128.74,103.69,103.25,75.90,99.71,106.46,112.47,96.87,97.38,99.86,74.78,90.74,129.44,90.15,102.71
Oct 1988,86.50,100.39,97.45,99.49,92.73,128.84,103.34,103.22,75.98,99.35,107.14,115.64,96.82,96.13,99.74,75.19,91.59,130.37,89.84,104.35
Nov 1988,88.77,100.70,97.75,96.76,93.39,129.86,103.80,103.66,75.87,99.69,108.46,118.61,97.14,96.01,99.08,75.97,92.99,130.13,90.77,105.43
Dec 1988,89.71,100.31,97.43,98.32,93.07,130.24,103.28,103.16,75.78,99.17,109.09,117.31,96.74,95.28,99.89,76.01,94.42,130.24,90.23,107.02
Jan 1989,92.60,99.81,96.69,100.07,92.12,130.83,102.14,102.37,75.45,97.35,108.62,114.89,94.94,94.98,100.46,76.33,96.73,130.58,88.36,107.67
Feb 1989,91.55,99.55,96.51,100.71,91.57,130.67,102.04,101.88,75.39,96.99,108.79,114.13,94.61,94.33,100.48,76.44,96.72,130.81,88.26,107.49
Mar 1989,88.21,99.60,96.72,100.83,91.76,132.53,102.55,101.99,75.20,97.49,108.65,112.08,94.56,95.90,100.30,76.75,97.13,130.46,87.37,106.08
Apr 1989,87.31,99.51,96.75,101.44,91.82,136.63,102.72,102.00,74.63,97.38,108.98,111.14,94.39,95.61,100.27,76.91,97.39,131.18,85.32,105.55
May 1989,86.01,99.34,96.00,103.07,91.23,136.39,101.70,101.12,74.89,97.04,109.31,107.40,93.83,97.68,100.03,76.84,96.01,131.61,84.06,104.91
Jun 1989,85.96,99.04,96.45,103.98,90.99,136.89,101.69,101.10,74.90,97.91,109.95,104.18,93.92,95.17,100.14,77.13,94.03,132.65,86.84,101.49
Jul 1989,84.98,99.82,96.95,103.63,92.26,137.00,102.65,101.58,76.00,98.92,111.37,104.81,94.41,93.92,100.16,77.70,97.50,132.15,87.64,102.98
Aug 1989,86.19,99.30,96.74,105.37,91.99,136.39,102.56,101.01,76.58,98.54,111.76,104.57,93.92,97.78,99.83,78.47,97.43,132.93,87.04,102.37
Sep 1989,88.43,99.04,96.75,105.70,91.79,136.75,102.30,100.89,77.11,98.58,111.68,102.20,93.66,98.75,99.79,78.42,97.46,133.50,87.04,102.20
Oct 1989,87.50,99.95,97.56,105.06,93.11,137.32,103.39,102.59,76.83,100.58,111.28,103.11,94.58,96.35,99.47,78.41,97.74,133.24,87.33,100.64
Nov 1989,88.52,100.54,98.38,105.34,94.44,136.62,103.98,103.43,76.99,101.65,112.28,100.50,95.21,96.21,99.31,78.95,98.78,132.87,87.37,99.24
Dec 1989,88.12,101.52,99.47,104.86,96.19,137.71,105.13,105.41,77.58,103.38,113.48,99.36,96.63,96.05,99.28,79.33,99.85,131.36,87.55,97.90
Jan 1990,87.03,101.79,99.93,103.29,95.85,138.47,105.89,105.64,78.12,103.80,113.88,97.62,97.09,96.51,99.38,79.86,101.03,133.73,88.46,99.79
Feb 1990,84.70,101.68,100.13,100.97,96.18,139.11,105.89,105.69,78.15,103.84,115.06,97.23,97.07,94.81,99.48,80.82,100.75,134.07,89.03,101.93
Mar 1990,85.46,101.58,100.78,102.98,96.43,138.37,106.38,105.18,78.51,104.32,115.44,92.28,96.79,95.22,99.27,80.82,101.44,138.02,89.19,99.61
Apr 1990,86.99,101.78,101.30,104.67,96.88,138.69,107.10,105.16,77.61,104.81,116.56,88.61,96.86,94.32,98.97,81.17,102.89,137.32,89.94,101.42
May 1990,85.86,101.48,101.22,102.94,96.78,139.01,106.31,104.99,79.19,104.10,116.36,90.93,96.79,92.45,98.95,81.74,104.42,137.34,93.25,103.10
Jun 1990,87.81,100.82,100.85,103.24,96.02,138.61,105.49,104.01,80.12,102.82,115.75,90.58,96.02,93.90,99.07,81.97,105.24,137.39,93.44,106.03
Jul 1990,87.66,100.99,100.47,103.64,95.83,139.37,105.56,103.71,81.06,102.20,116.46,92.07,95.88,93.36,98.99,82.22,106.08,138.27,93.26,110.10
Aug 1990,87.33,101.11,101.20,103.21,96.52,139.89,106.45,104.71,81.94,102.47,116.82,91.31,96.16,94.29,98.94,82.58,105.96,138.26,96.38,112.64
Sep 1990,88.12,101.14,101.47,101.06,96.46,138.88,106.71,104.28,82.20,102.14,115.33,96.41,95.74,94.30,98.55,83.11,104.23,138.12,96.13,111.39
Oct 1990,84.03,101.01,101.61,99.86,96.43,138.13,106.73,104.90,81.68,101.78,115.17,102.64,95.64,90.94,98.75,84.08,104.44,137.42,95.38,112.52
Nov 1990,81.11,101.77,102.08,99.43,96.54,138.39,106.94,105.54,81.90,103.09,116.43,102.79,96.38,90.53,99.21,85.47,104.72,137.91,96.02,111.59
Dec 1990,81.53,102.09,101.77,100.31,96.61,138.07,106.36,106.25,81.96,103.46,116.96,99.87,96.86,89.50,99.22,85.90,104.52,137.66,95.36,110.54
Jan 1991,82.55,101.22,101.95,103.03,95.73,137.37,105.51,105.14,80.79,102.35,116.71,100.51,96.48,89.07,98.51,85.02,105.36,139.81,96.46,111.60
Feb 1991,81.56,101.49,102.38,101.72,95.85,137.09,105.49,105.53,81.06,102.34,117.62,101.47,96.42,88.95,98.52,86.76,106.18,143.43,95.65,111.80
Mar 1991,83.21,100.72,100.67,103.87,94.74,136.44,103.66,103.54,79.69,100.63,116.59,99.30,95.03,91.49,97.31,87.32,105.92,143.75,93.08,110.48
Apr 1991,85.72,99.30,98.93,105.46,92.88,136.21,102.45,101.31,79.64,98.93,116.04,101.21,93.35,92.52,95.25,86.56,104.83,143.77,93.34,109.77
May 1991,85.45,99.10,99.13,106.04,92.69,135.66,102.03,101.28,79.51,98.91,115.59,100.72,93.35,92.35,95.01,86.75,104.78,144.35,93.73,108.87
Jun 1991,85.10,98.85,98.60,107.73,91.33,133.66,101.20,100.73,80.26,98.28,114.78,100.62,92.84,92.56,94.03,86.61,103.67,142.68,91.97,107.11
Jul 1991,85.91,98.40,98.22,106.69,90.75,131.44,100.85,101.40,80.72,98.20,114.64,101.77,92.98,90.46,93.83,87.98,103.15,141.66,90.67,107.07
Aug 1991,86.16,98.91,98.87,106.47,91.05,130.71,101.25,102.11,80.96,98.91,115.05,101.39,93.23,90.21,94.43,89.21,104.09,141.80,90.85,107.43
Sep 1991,86.27,99.24,99.04,106.31,91.85,130.76,101.54,102.82,82.20,99.68,116.15,101.56,93.88,89.57,94.83,89.53,104.40,142.84,91.18,107.93
Oct 1991,85.81,98.53,98.84,106.33,91.44,130.21,101.13,103.92,82.31,99.56,115.67,105.00,93.58,86.22,94.32,89.55,103.89,142.32,90.63,107.05
Nov 1991,83.52,99.20,99.80,104.79,91.78,124.16,102.17,105.26,82.71,100.52,116.21,104.51,94.37,84.20,94.96,89.07,104.69,144.29,90.61,107.60
Dec 1991,80.93,99.38,100.27,102.12,92.57,119.78,102.76,106.47,83.54,101.46,117.19,104.17,95.34,81.83,96.01,88.54,104.40,144.82,91.41,108.14
Jan 1992,78.16,99.74,99.74,101.09,92.46,118.58,102.32,106.16,83.34,101.22,117.21,106.58,95.01,80.10,95.70,90.60,105.52,144.54,90.58,107.75
Feb 1992,79.39,99.85,99.25,99.23,92.05,117.62,101.88,105.41,83.81,100.64,117.20,105.29,94.50,81.32,95.23,90.91,106.70,143.52,89.24,107.80
Mar 1992,81.30,99.61,99.00,99.40,91.69,117.40,101.89,105.41,83.66,100.37,116.90,102.22,94.31,83.48,95.03,91.58,106.03,143.05,88.10,106.78
Apr 1992,81.23,99.64,98.91,99.66,91.86,117.46,102.18,105.76,83.27,100.15,116.80,101.32,94.35,82.10,95.26,93.36,105.93,143.44,86.93,108.49
May 1992,79.35,99.72,98.91,97.81,91.97,117.64,102.71,105.80,82.47,100.17,117.16,102.48,94.12,80.13,95.50,96.23,106.55,144.13,87.05,110.18
Jun 1992,77.84,99.99,99.42,97.09,92.81,117.87,103.04,106.47,81.78,100.92,117.33,104.37,94.40,79.72,95.68,97.30,106.34,144.51,89.31,110.09
Jul 1992,75.17,100.99,100.52,96.30,93.93,119.18,104.05,108.35,81.89,102.52,118.96,102.92,95.67,78.70,96.72,97.01,106.25,146.37,91.39,109.90
Aug 1992,72.67,101.72,101.04,95.99,94.51,119.92,104.30,109.67,83.72,103.29,120.11,101.68,96.50,77.55,97.34,96.21,106.92,147.08,92.13,109.04
Sep 1992,72.26,102.81,102.00,93.34,95.11,108.26,105.59,110.98,84.82,104.39,113.70,104.91,97.60,77.75,97.11,96.26,103.70,147.87,94.58,104.92
Oct 1992,72.75,104.58,103.70,92.42,96.44,106.07,107.78,112.59,85.16,106.63,105.05,107.96,98.54,79.23,96.52,97.51,99.37,146.91,95.15,96.25
Nov 1992,72.43,103.51,102.64,92.33,95.56,105.06,106.61,110.90,85.96,105.75,106.52,108.59,97.65,79.39,95.78,97.14,97.78,138.83,92.58,92.91
Dec 1992,72.69,104.34,103.33,92.20,96.32,104.65,106.48,111.91,84.07,106.46,103.02,108.74,98.22,78.80,94.29,97.32,99.24,125.93,93.43,94.54
Jan 1993,71.74,104.50,103.04,92.16,96.20,101.21,106.87,112.92,84.04,105.62,98.92,108.36,97.71,79.21,93.32,97.01,99.77,124.40,91.35,94.15
Feb 1993,72.89,104.59,103.04,93.69,96.87,95.81,107.28,113.37,84.69,98.10,96.96,113.19,97.83,79.91,93.75,96.39,99.18,122.02,90.39,89.80
Mar 1993,75.05,104.60,103.05,94.07,96.68,93.67,106.97,113.22,85.17,97.09,94.14,116.49,97.75,81.27,93.94,95.18,99.36,118.29,90.61,91.43
Apr 1993,73.72,104.51,102.95,91.55,96.46,96.83,107.34,113.47,85.19,96.91,94.84,119.41,97.79,80.85,94.16,94.95,98.28,119.03,91.73,94.03
May 1993,71.90,103.69,102.26,90.69,95.32,98.51,106.81,112.26,85.18,95.29,99.19,121.37,97.30,81.31,93.30,93.48,93.75,120.65,92.31,94.14
Jun 1993,69.69,102.82,101.38,90.04,94.72,98.50,105.62,111.00,84.32,94.65,99.94,125.93,96.21,81.64,92.21,92.00,91.45,121.13,92.14,93.20
Jul 1993,70.82,102.57,100.20,90.60,93.21,97.59,103.88,110.31,83.57,92.66,97.70,128.14,95.66,84.12,90.95,91.23,89.18,116.10,92.31,95.31
Aug 1993,70.54,103.50,97.59,88.47,89.42,96.67,102.30,111.91,83.45,91.44,96.43,133.30,97.29,84.66,90.37,88.85,86.90,115.27,93.36,95.20
Sep 1993,67.15,104.61,98.76,87.24,90.61,95.15,103.89,114.03,83.06,92.07,95.80,129.08,98.87,83.83,91.83,89.62,89.81,112.86,95.74,94.91
Oct 1993,68.42,105.42,97.69,87.30,91.95,96.52,103.87,114.36,83.49,93.05,93.55,126.90,98.96,84.40,91.49,89.52,90.22,114.06,95.55,94.42
Nov 1993,70.43,103.88,98.68,88.41,92.17,97.83,103.48,112.46,83.97,92.96,93.51,126.60,97.74,84.37,88.02,90.06,89.09,113.39,93.52,94.93
Dec 1993,70.46,104.33,100.35,87.50,93.06,98.97,104.75,111.63,84.04,93.91,92.35,124.21,97.19,85.66,90.45,90.28,87.59,111.44,96.05,95.77
Jan 1994,74.00,103.47,99.84,88.82,93.26,99.68,104.32,111.05,83.47,95.69,93.42,124.33,96.63,87.35,89.18,90.59,86.94,115.84,96.33,96.59
Feb 1994,75.18,103.21,100.57,85.65,92.45,100.91,103.83,110.62,83.88,94.46,93.68,130.09,96.26,87.93,88.71,90.36,87.60,117.08,96.33,95.06
Mar 1994,74.09,103.86,101.47,83.56,92.79,100.36,104.43,112.01,84.40,94.22,93.64,130.50,96.93,86.73,89.17,89.63,87.69,116.32,96.33,94.37
Apr 1994,74.56,103.46,101.33,82.41,92.41,101.00,103.44,111.48,84.53,94.59,95.77,132.00,96.61,86.07,88.88,89.91,88.40,116.76,95.72,93.99
May 1994,74.78,104.07,102.11,81.78,93.21,100.65,104.09,112.70,84.89,95.38,96.22,130.21,97.45,87.27,89.58,89.66,87.88,117.61,95.27,93.87
Jun 1994,75.15,104.50,102.52,81.27,93.79,100.05,104.98,113.29,84.12,95.92,95.10,130.16,98.03,87.75,90.15,90.14,88.42,115.00,96.81,94.15
Jul 1994,73.84,105.42,103.37,80.50,94.61,102.04,105.61,114.57,85.58,95.84,94.26,133.71,99.03,87.46,90.81,91.41,89.47,112.61,97.70,92.82
Aug 1994,74.29,106.08,103.57,80.64,94.42,103.25,105.81,115.10,86.35,95.51,92.97,131.10,99.31,87.66,90.86,92.27,89.37,112.83,98.13,92.64
Sep 1994,73.86,105.72,103.45,81.67,94.02,105.58,106.02,114.78,86.38,95.75,93.26,131.18,99.42,87.44,90.53,92.59,89.33,114.71,99.21,92.97
Oct 1994,72.85,105.80,103.57,81.30,94.88,109.93,106.39,115.29,86.33,96.49,92.98,130.82,99.84,87.60,91.07,92.74,89.65,116.70,99.61,94.17
Nov 1994,74.66,105.77,103.29,80.57,94.88,109.94,105.73,115.07,85.23,96.06,92.01,131.80,99.52,89.65,90.61,92.81,89.35,116.45,98.12,94.31
Dec 1994,77.83,105.83,103.34,80.14,94.54,109.05,105.31,114.59,86.56,96.11,91.17,129.66,99.42,93.12,90.67,92.80,88.77,116.05,97.26,94.55
Jan 1995,76.55,106.77,104.01,78.79,95.10,109.60,106.07,115.65,87.19,96.47,91.03,129.41,100.24,93.15,91.62,93.99,87.35,115.05,99.09,94.31
Feb 1995,74.29,107.38,104.76,79.31,95.68,110.41,106.17,116.85,87.44,95.99,89.76,130.37,101.15,92.12,92.10,94.49,88.17,114.96,99.79,93.17
Mar 1995,71.33,110.04,107.25,77.82,96.95,112.69,107.75,120.72,87.56,95.31,82.56,138.39,103.56,91.44,93.45,93.28,86.83,112.19,104.11,91.52
Apr 1995,69.77,110.25,107.71,78.41,98.81,113.23,108.82,120.60,87.82,95.66,79.90,147.52,103.62,92.61,92.96,90.38,88.67,109.10,105.24,90.18
May 1995,69.56,109.21,106.47,79.36,98.40,112.84,106.17,119.14,87.94,96.25,84.45,144.90,102.60,93.50,92.27,94.35,90.15,111.11,103.51,89.93
Jun 1995,68.67,109.23,106.41,78.10,98.15,112.76,107.07,118.80,88.15,96.25,84.98,145.45,102.80,93.33,92.55,93.90,90.80,111.02,103.59,89.90
Jul 1995,69.82,109.50,106.54,79.21,98.53,113.72,108.28,119.10,88.29,96.56,86.30,140.22,102.85,93.83,93.04,94.16,91.56,111.82,103.29,89.47
Aug 1995,73.37,108.80,105.51,80.57,97.89,114.83,108.44,117.32,88.39,96.40,89.40,130.57,101.64,93.40,92.90,94.66,91.08,114.09,102.41,90.59
Sep 1995,75.91,108.11,105.31,81.57,97.77,113.79,108.16,117.36,88.37,96.33,90.06,123.26,101.61,94.04,92.91,94.36,90.65,116.99,104.28,91.09
Oct 1995,75.77,108.86,106.50,81.39,98.80,113.90,108.21,119.21,88.39,96.17,88.89,121.01,102.90,93.64,93.20,94.80,91.36,119.89,106.07,90.25
Nov 1995,74.79,108.62,106.34,81.17,98.63,114.08,109.40,118.71,88.10,95.97,89.73,119.59,102.80,93.07,92.55,94.74,92.03,124.31,106.20,89.30
Dec 1995,74.70,107.86,105.80,80.25,98.17,112.62,108.78,117.75,88.16,96.08,90.91,120.25,102.27,93.47,92.05,93.87,92.52,124.87,105.20,89.11
Jan 1996,75.52,107.95,105.91,80.73,97.96,111.17,108.89,116.93,88.83,96.97,92.63,115.87,101.99,95.82,91.55,94.11,92.91,124.24,104.65,89.47
Feb 1996,76.73,107.61,105.54,79.99,98.09,108.83,108.13,116.79,88.74,97.38,93.79,115.49,101.81,97.59,91.90,94.09,93.05,121.40,103.22,90.00
Mar 1996,78.32,107.08,104.81,80.66,97.72,107.39,108.24,115.99,89.85,97.21,94.63,115.00,101.35,97.93,91.46,94.22,92.64,124.55,103.35,89.65
Apr 1996,80.20,106.28,103.81,80.99,96.90,104.92,108.18,114.49,90.95,97.06,95.72,113.09,100.65,98.21,91.38,94.49,92.88,125.63,102.26,89.58
May 1996,81.39,105.49,102.59,80.40,95.96,105.33,107.26,113.18,91.93,97.28,97.22,114.13,99.42,98.66,91.22,93.91,92.31,125.00,100.13,90.18
Jun 1996,81.06,105.81,102.41,80.58,95.97,106.65,107.14,113.31,92.39,98.17,98.10,111.46,99.31,97.61,91.37,94.06,91.39,126.42,99.58,91.86
Jul 1996,80.50,105.92,102.90,80.10,96.60,107.96,107.87,113.80,93.39,98.45,98.13,110.99,99.89,99.37,93.23,94.64,91.76,125.78,100.52,91.82
Aug 1996,79.41,106.13,103.91,79.66,97.12,109.57,107.25,114.56,92.96,98.63,98.03,111.52,100.29,99.00,92.23,95.66,92.02,124.73,102.10,90.91
Sep 1996,80.71,105.94,103.01,79.85,96.80,108.82,106.70,113.73,93.15,99.08,98.77,109.58,99.65,100.39,92.23,95.60,91.89,125.03,100.54,92.36
Oct 1996,80.87,105.51,102.29,81.15,96.50,108.58,106.68,112.67,93.61,98.99,98.94,107.03,98.84,101.64,92.39,95.66,91.32,126.20,99.16,94.62
Nov 1996,80.64,105.78,102.18,81.78,96.30,107.86,106.34,112.55,93.38,101.11,98.78,106.58,98.72,102.42,93.44,95.50,91.25,124.06,96.57,98.64
Dec 1996,81.44,105.00,101.08,80.52,95.69,107.33,105.46,111.06,92.96,102.35,99.43,105.76,97.80,102.34,93.32,95.00,90.36,122.37,94.16,100.35
Jan 1997,80.52,103.46,100.33,81.56,95.44,106.28,104.63,110.53,93.52,94.52,99.63,102.56,96.70,103.25,96.16,95.46,89.71,120.28,91.73,103.08
Feb 1997,80.88,102.97,98.93,81.58,94.31,105.09,103.61,109.14,93.46,94.71,97.59,99.36,95.52,103.69,96.91,94.35,88.49,118.14,90.95,104.21
Mar 1997,83.57,102.81,98.35,80.72,94.17,104.46,103.56,108.94,92.29,94.20,96.21,100.14,95.35,104.72,95.51,94.37,88.24,115.73,91.11,104.13
Apr 1997,82.60,102.53,97.73,79.39,94.23,103.74,102.95,107.96,91.34,93.40,96.52,99.50,94.97,104.27,93.53,93.87,88.34,116.41,91.68,106.05
May 1997,81.21,102.41,97.60,79.86,94.38,103.13,102.63,108.23,90.57,90.26,96.64,104.70,94.97,103.43,92.00,93.79,88.25,115.60,92.91,105.91
Jun 1997,78.36,101.70,96.84,79.53,93.84,102.70,101.52,107.00,90.70,89.74,96.27,109.20,93.96,103.08,90.51,92.96,87.54,115.26,92.60,107.57
Jul 1997,78.10,100.23,95.43,79.93,92.15,102.02,99.67,105.23,90.15,89.96,95.32,109.62,92.27,100.65,88.97,91.74,86.49,116.67,91.82,111.92
Aug 1997,79.43,99.50,95.04,79.51,91.98,100.38,99.46,104.84,89.99,88.83,94.58,108.48,92.07,99.21,88.84,91.15,86.27,116.64,91.84,109.88
Sep 1997,77.85,100.56,95.80,79.53,92.66,101.45,100.82,105.96,90.14,89.74,95.78,106.67,93.33,98.72,90.93,91.44,87.39,119.34,92.63,108.01
Oct 1997,77.82,100.95,96.28,79.35,93.06,102.06,101.49,106.75,90.78,88.10,95.91,107.05,93.97,98.91,93.07,91.60,87.66,119.46,92.76,109.39
Nov 1997,75.72,101.22,96.70,77.97,93.82,102.62,102.09,107.69,92.16,90.00,96.77,104.34,94.67,98.28,92.99,92.00,88.06,118.83,94.99,112.84
Dec 1997,75.42,101.00,96.16,77.93,93.76,102.31,102.11,107.45,92.83,89.60,96.55,105.82,94.81,96.91,93.31,92.14,88.03,118.31,95.25,114.22
Jan 1998,77.41,100.58,95.54,77.88,93.83,101.98,101.65,106.75,92.46,86.59,95.90,110.42,94.39,96.52,92.43,92.03,87.81,116.39,94.46,115.00
Feb 1998,78.01,100.35,95.36,78.02,93.70,101.32,101.41,106.52,92.52,85.99,95.72,111.04,94.25,95.41,91.55,91.93,87.55,114.73,94.83,115.08
Mar 1998,77.33,100.03,95.00,78.86,92.98,100.56,100.90,105.71,86.85,85.59,95.52,107.40,93.82,93.83,91.26,91.70,87.14,116.27,93.37,117.01
Apr 1998,75.08,100.46,95.48,77.93,93.11,100.76,101.17,105.95,84.28,86.75,95.36,103.51,94.17,91.02,91.23,91.89,87.19,118.02,91.83,117.82
May 1998,73.11,100.92,96.87,77.16,94.29,101.82,102.08,107.45,86.02,88.34,96.54,101.19,95.25,89.37,91.37,92.92,88.00,118.62,92.44,114.41
Jun 1998,71.37,100.88,96.68,76.30,94.34,102.01,101.93,107.31,87.81,88.29,96.52,98.40,95.27,86.42,90.98,92.97,87.98,116.20,92.26,116.43
Jul 1998,72.99,100.73,96.51,75.01,94.46,101.74,101.85,106.88,89.34,87.85,96.23,97.57,95.27,87.48,90.81,93.18,88.04,115.35,91.22,116.37
Aug 1998,70.05,101.12,96.85,72.86,95.46,102.95,102.22,107.55,88.96,88.46,96.88,94.64,95.87,86.04,90.28,93.62,88.42,112.81,92.40,115.85
Sep 1998,67.92,102.07,97.78,73.01,96.71,106.39,103.24,109.01,88.02,90.00,98.33,100.86,97.22,84.21,88.98,94.12,89.11,111.75,94.62,115.35
Oct 1998,68.60,102.56,98.81,71.32,97.82,107.80,103.85,109.70,88.51,90.56,98.54,110.00,98.02,83.72,88.16,94.82,89.54,109.20,96.05,112.79
Nov 1998,70.47,101.80,97.89,71.53,96.96,106.40,102.95,108.64,90.19,89.00,98.04,110.24,97.16,85.10,89.20,95.25,88.80,108.74,94.20,112.34
Dec 1998,68.26,102.12,98.12,71.00,97.38,107.24,102.93,108.65,90.20,88.98,98.15,111.91,97.55,83.17,87.39,94.90,88.99,107.32,95.28,112.13
Jan 1999,69.39,101.64,97.92,72.13,96.67,106.07,102.35,107.63,91.24,88.32,97.93,116.18,97.21,85.12,88.87,94.26,88.96,111.26,94.10,111.04
Feb 1999,71.39,101.08,96.91,73.42,96.11,104.75,101.39,106.41,88.31,87.26,97.35,113.54,96.37,86.76,87.81,93.85,88.50,112.25,93.81,112.06
Mar 1999,71.46,100.44,96.10,72.76,95.63,103.79,100.52,105.63,90.39,86.11,96.52,111.52,95.76,86.14,89.04,93.56,88.20,110.76,93.33,113.96
Apr 1999,72.78,99.79,95.62,74.27,94.95,103.32,99.89,104.99,89.07,85.21,95.72,111.25,95.07,87.60,90.40,93.14,87.85,110.01,92.20,114.11
May 1999,75.24,99.71,95.46,75.65,94.69,103.13,99.62,104.48,88.99,85.05,95.53,108.57,94.93,88.93,91.32,92.91,87.79,108.90,91.99,115.16
Jun 1999,74.99,98.95,94.53,75.48,94.20,101.79,98.74,103.30,88.46,83.95,94.59,109.75,94.18,86.22,90.90,92.60,87.27,109.85,91.63,115.45
Jul 1999,75.32,98.72,94.40,74.40,94.02,101.61,98.69,103.72,88.88,83.89,95.27,110.59,94.06,85.16,90.71,92.48,87.53,110.64,91.19,114.01
Aug 1999,73.02,98.96,94.70,73.86,94.82,102.06,98.93,104.06,88.74,84.56,95.77,116.27,94.74,84.31,90.12,92.55,87.71,110.99,91.91,114.12
Sep 1999,73.21,98.48,94.07,74.50,94.16,101.20,98.13,102.97,87.92,83.65,95.09,123.04,93.61,82.98,89.77,92.25,87.26,111.67,91.01,115.54
Oct 1999,73.31,99.09,94.78,74.32,94.92,102.20,98.69,103.63,87.92,84.31,95.76,117.86,94.30,81.51,90.30,92.62,87.63,110.56,91.93,117.02
Nov 1999,71.88,98.10,93.57,74.70,93.64,100.74,97.27,102.21,86.91,82.84,94.30,125.05,93.08,81.38,89.85,91.82,86.87,110.61,89.84,116.72
Dec 1999,72.19,97.87,93.01,74.51,92.79,99.82,96.62,100.51,85.74,82.38,93.17,127.45,92.12,80.74,89.90,91.33,86.35,110.17,89.40,117.63
Jan 2000,74.21,97.39,92.93,75.58,92.83,100.20,96.71,100.64,85.14,82.65,92.99,123.86,91.74,81.46,89.72,91.05,86.56,109.31,88.90,119.54
Feb 2000,72.31,97.35,92.30,75.86,92.14,99.63,95.79,99.58,84.70,82.14,92.45,119.64,91.08,79.70,89.24,90.68,86.32,109.92,88.60,119.20
Mar 2000,70.26,96.95,91.78,75.31,91.49,98.68,95.11,98.30,83.71,81.35,91.47,122.90,90.32,80.23,88.04,90.02,85.85,110.42,87.82,119.15
Apr 2000,69.22,96.37,91.07,74.76,90.86,97.84,94.19,97.59,83.01,80.56,91.03,124.73,89.62,81.98,87.05,90.13,85.42,110.88,88.77,121.12
May 2000,68.62,95.73,90.28,73.97,90.26,96.70,93.33,96.19,81.89,79.78,90.30,123.23,89.04,79.71,85.78,89.85,85.00,110.43,88.90,119.05
Jun 2000,70.17,97.14,91.90,74.72,91.54,98.39,94.65,97.94,82.88,82.03,91.72,123.87,90.74,77.95,87.01,91.01,86.00,111.04,89.96,115.39
Jul 2000,70.82,96.75,91.56,74.74,91.13,97.84,94.22,97.46,82.69,82.05,91.36,122.28,90.22,76.97,87.56,91.02,86.27,109.22,90.52,116.14
Aug 2000,71.43,95.99,90.53,74.81,90.01,96.63,93.15,95.62,81.45,80.68,89.81,122.56,89.23,75.52,87.55,90.53,85.53,107.90,89.08,117.36
Sep 2000,68.81,95.27,89.92,74.78,89.04,95.69,92.36,94.84,80.67,79.50,89.20,124.74,88.34,72.35,87.47,89.89,84.92,106.02,89.16,115.61
Oct 2000,66.31,94.82,89.19,73.72,89.03,95.04,91.36,94.12,80.80,79.00,88.76,123.60,87.96,70.79,87.25,89.53,84.66,104.10,89.54,118.62
Nov 2000,65.82,95.09,89.52,72.48,89.12,95.33,91.81,94.33,81.18,79.74,88.92,123.34,88.23,70.82,87.84,89.85,84.97,103.15,89.50,116.75
Dec 2000,68.51,95.95,90.69,73.37,90.47,97.11,93.02,96.38,81.94,81.66,90.37,118.80,89.74,74.68,87.81,91.09,86.14,104.34,91.31,116.40
Jan 2001,69.33,97.23,92.05,73.86,92.05,99.03,94.48,97.82,83.15,83.80,92.46,113.24,92.27,76.72,89.08,92.56,87.52,103.76,91.95,114.66
Feb 2001,67.31,96.84,91.62,73.16,91.62,98.48,93.88,97.58,83.27,83.53,92.14,114.37,92.02,75.89,89.13,92.46,87.37,102.16,90.73,114.19
Mar 2001,64.65,96.86,91.58,71.62,91.72,98.59,93.85,97.65,83.41,83.74,92.36,109.95,92.11,75.03,89.91,92.65,87.37,100.65,90.81,114.79
Apr 2001,65.12,96.59,91.49,72.16,91.41,97.87,93.47,97.32,83.41,83.32,92.08,108.22,91.79,73.58,90.15,92.22,86.90,100.53,90.42,115.19
May 2001,67.59,95.77,90.90,73.08,90.57,97.06,93.01,95.99,82.61,82.42,90.89,109.60,91.06,75.93,90.78,91.90,86.48,100.71,89.73,115.89
Jun 2001,67.92,95.18,90.40,74.00,90.15,96.30,92.21,95.22,82.31,81.76,90.42,109.91,90.50,75.23,91.04,91.62,86.23,97.78,89.73,115.88
Jul 2001,67.01,95.63,90.58,73.65,90.68,96.53,92.56,95.32,82.48,82.46,90.62,107.52,91.03,74.58,90.36,91.98,86.96,97.62,90.93,116.21
Aug 2001,67.34,96.45,91.87,72.81,91.98,98.44,93.72,97.29,84.18,84.25,92.45,108.56,92.50,76.95,90.91,92.78,87.69,98.77,91.55,114.87
Sep 2001,64.85,96.75,92.14,71.47,92.37,99.16,93.89,97.62,84.47,84.67,92.73,110.39,92.96,75.25,92.16,93.02,87.73,95.30,93.00,115.93
Oct 2001,65.42,96.72,92.25,71.23,92.53,98.83,93.93,97.45,84.50,85.05,92.88,108.54,93.06,74.78,91.97,93.19,87.51,96.02,93.32,115.59
Nov 2001,67.63,96.20,91.77,69.76,91.63,97.81,93.21,96.56,84.01,84.46,92.19,107.99,92.59,75.40,91.92,93.10,87.17,97.33,93.82,115.52
Dec 2001,67.80,96.25,91.96,70.87,92.35,98.15,93.50,97.07,84.47,85.20,92.27,103.43,93.21,75.81,91.52,93.39,87.58,97.67,93.66,115.44
Jan 2002,68.83,96.09,92.10,70.29,92.16,98.08,93.82,96.70,84.77,85.25,91.81,99.24,93.51,78.15,91.69,93.33,87.48,99.61,93.67,116.22
Feb 2002,68.74,95.79,91.56,70.76,91.83,97.19,93.22,96.15,83.96,84.80,91.78,98.70,93.09,77.56,92.77,93.06,87.31,99.44,92.82,116.52
Mar 2002,69.89,95.71,91.64,71.10,91.81,97.28,93.28,96.25,84.26,85.32,91.83,100.00,93.19,79.29,93.55,93.26,87.58,101.07,93.33,115.87
Apr 2002,70.90,95.97,91.63,71.47,91.98,97.70,93.57,96.03,84.62,85.93,91.99,99.47,93.60,80.77,95.00,93.41,88.21,100.46,93.89,116.55
May 2002,71.35,96.85,92.59,72.58,92.46,98.97,94.41,97.25,85.37,87.67,93.29,101.65,94.63,82.32,97.44,94.23,89.15,99.99,94.97,114.69
Jun 2002,72.57,97.50,93.28,73.20,93.69,99.79,95.30,98.37,86.36,89.04,94.52,102.57,95.76,85.63,100.00,95.03,89.67,102.54,95.17,113.81
Jul 2002,69.34,97.96,93.94,72.37,94.44,100.90,96.05,99.26,87.05,89.81,95.57,105.80,96.43,83.14,100.99,95.45,89.79,101.70,96.24,115.80
Aug 2002,68.48,97.93,93.52,71.62,94.26,100.36,95.78,98.74,86.98,89.59,95.28,105.47,96.16,80.97,100.32,95.60,89.50,101.47,95.65,115.89
Sep 2002,69.30,97.77,93.56,71.37,94.20,100.23,95.74,98.79,87.05,89.91,95.59,104.36,96.32,82.00,101.12,95.60,89.72,102.49,95.59,117.50
Oct 2002,70.16,97.94,93.67,71.59,94.34,100.47,95.85,98.85,87.27,90.42,95.84,101.21,96.40,84.27,101.78,95.94,90.29,103.57,95.82,118.14
Nov 2002,70.98,97.87,93.70,72.38,94.42,100.49,96.09,98.71,87.32,90.91,96.09,101.96,96.41,86.25,103.15,96.33,90.55,103.60,95.91,117.57
Dec 2002,70.74,98.41,94.52,71.91,95.29,101.24,96.83,99.83,88.04,92.34,96.79,101.33,97.38,87.71,103.97,96.72,91.16,104.30,96.30,117.31
Jan 2003,71.73,99.11,95.70,73.02,96.09,102.46,97.99,100.90,89.00,94.05,97.93,102.77,98.53,90.87,106.50,97.54,91.80,105.24,97.67,116.22
Feb 2003,73.13,99.30,96.31,74.57,96.77,103.08,98.73,101.69,90.36,95.15,98.25,101.81,99.11,92.40,101.70,97.88,92.23,107.01,97.67,114.76
Mar 2003,74.05,99.48,96.54,76.15,97.46,103.34,99.01,101.97,90.73,95.94,98.61,102.44,99.56,91.98,99.20,97.94,92.55,106.26,97.78,112.58
Apr 2003,75.17,99.74,96.45,76.72,97.64,103.42,99.10,102.00,90.83,96.46,99.03,101.38,99.94,91.23,99.07,98.49,92.88,106.99,96.06,112.26
May 2003,77.69,101.07,97.89,80.21,99.05,105.51,100.82,103.85,92.56,99.30,101.05,101.54,101.98,92.30,100.10,99.98,94.18,109.09,96.46,110.96
Jun 2003,79.61,101.29,98.20,82.05,99.32,105.62,101.06,104.39,92.75,99.15,101.07,100.14,102.12,92.32,96.36,99.82,94.17,109.64,94.93,112.86
Jul 2003,80.03,101.01,97.53,80.45,98.65,104.59,100.47,103.58,92.11,97.73,100.41,100.27,101.68,93.86,94.27,99.16,93.80,108.18,93.66,112.62
Aug 2003,79.22,100.64,97.25,79.84,98.17,103.80,99.86,102.80,91.61,97.20,99.90,100.34,101.03,94.04,94.49,99.12,93.51,106.70,93.47,111.90
Sep 2003,79.71,100.62,97.24,81.66,98.13,103.56,99.91,102.58,91.56,97.07,99.82,102.68,100.91,93.38,94.61,99.18,93.52,108.50,92.99,112.24
Oct 2003,81.79,100.86,97.80,83.56,98.44,104.24,100.79,103.59,92.23,98.09,100.75,106.46,101.64,93.45,94.74,99.80,94.02,110.09,93.56,113.41
Nov 2003,84.17,101.00,97.77,84.28,98.15,104.17,100.83,103.59,92.40,98.02,100.85,106.47,101.43,96.99,94.96,99.41,94.22,110.16,92.71,114.20
Dec 2003,85.36,101.84,99.03,83.90,99.38,105.85,102.11,105.07,93.37,100.11,102.25,106.29,102.74,98.25,91.62,100.23,95.16,111.47,94.06,114.82
Jan 2004,87.69,102.12,99.47,84.51,99.96,106.13,102.58,105.72,93.58,100.72,102.58,106.24,102.96,99.69,92.01,100.58,95.26,110.77,93.65,117.53
Feb 2004,88.48,102.35,99.28,82.13,99.99,106.13,102.65,105.53,93.66,100.48,102.58,106.13,102.71,102.07,89.99,100.38,95.20,109.77,92.97,120.42
Mar 2004,86.46,101.65,98.37,82.22,99.18,104.21,101.67,104.62,93.24,99.16,101.80,104.53,101.77,99.43,91.78,99.83,94.70,107.99,92.68,120.43
Apr 2004,86.37,100.85,97.82,81.42,98.14,102.90,100.82,103.68,92.32,97.89,100.90,105.80,100.87,97.02,93.80,99.45,94.36,107.42,92.45,120.34
May 2004,82.71,101.25,98.26,79.82,98.58,103.19,101.19,104.14,92.92,98.42,101.38,101.03,101.29,94.96,95.34,99.74,95.00,108.35,93.89,119.68
Jun 2004,80.54,101.23,98.18,80.68,98.39,103.09,101.03,103.84,92.84,98.66,101.34,103.58,100.99,96.60,94.22,99.81,94.98,107.69,95.17,121.31
Jul 2004,82.70,101.41,98.58,82.72,98.65,103.60,101.36,103.94,92.91,99.11,101.45,102.95,101.31,98.33,92.58,99.89,95.25,107.56,94.66,121.74
Aug 2004,82.31,101.41,98.51,83.25,98.36,103.36,101.24,104.02,92.88,99.18,101.17,101.93,101.15,100.09,93.86,99.62,95.30,107.21,94.01,121.08
Sep 2004,81.25,101.47,98.75,84.98,98.50,103.49,101.46,104.01,93.21,99.53,101.51,102.13,101.36,101.06,93.47,99.79,95.60,108.56,93.64,119.02
Oct 2004,83.94,101.92,99.78,87.71,99.06,104.08,101.94,104.52,93.77,100.37,101.73,102.45,101.99,102.83,94.20,100.19,96.13,109.40,94.33,118.01
Nov 2004,86.15,102.48,100.25,90.61,99.36,104.44,102.65,105.12,94.38,101.67,102.28,104.63,102.50,102.47,96.95,100.74,96.81,110.36,96.51,118.07
Dec 2004,84.96,103.02,100.60,88.39,99.38,105.14,103.43,106.24,94.70,102.60,103.04,103.85,102.89,103.64,96.20,101.15,97.06,111.30,95.72,120.24
Jan 2005,85.21,103.39,100.79,87.96,98.72,104.93,103.02,105.38,95.30,102.36,102.82,103.70,103.23,102.66,95.51,101.13,97.04,109.34,95.09,118.54
Feb 2005,87.13,102.51,100.04,87.03,98.91,103.82,102.34,104.19,94.01,101.25,101.85,102.30,102.28,104.12,94.13,100.56,96.56,109.16,94.23,119.96
Mar 2005,87.03,102.69,100.73,88.12,99.27,103.99,102.79,104.87,94.24,101.59,102.03,101.23,102.46,105.92,96.01,100.48,96.91,108.79,94.59,119.95
Apr 2005,86.60,102.13,100.24,87.06,99.10,103.39,102.39,103.95,94.25,100.85,101.77,99.77,101.97,105.46,96.17,100.35,96.94,107.29,94.30,121.30
May 2005,86.44,101.86,99.72,85.82,98.60,102.38,101.76,103.53,93.94,100.41,101.34,100.24,101.36,106.41,97.11,100.05,96.67,106.41,93.55,120.48
Jun 2005,88.14,100.88,98.60,87.82,97.43,100.81,100.61,101.78,93.04,98.56,99.88,99.34,100.15,106.46,98.42,99.26,95.77,104.10,92.83,121.40
Jul 2005,87.43,100.69,98.86,88.96,97.61,100.72,100.64,101.88,93.23,98.76,99.93,96.61,100.25,103.33,98.31,99.73,96.01,102.18,91.67,118.00
Aug 2005,87.31,100.77,99.17,90.06,97.70,101.10,100.92,102.24,93.42,99.24,100.12,96.09,100.59,104.40,98.60,100.10,96.33,103.49,92.16,118.77
Sep 2005,87.67,100.48,98.77,92.14,97.55,100.77,100.78,101.91,93.41,99.25,99.61,95.84,100.16,104.88,99.46,99.73,96.39,102.86,92.08,119.63
Oct 2005,87.40,100.22,98.36,92.24,97.18,100.11,100.26,101.52,93.34,98.91,99.44,92.88,100.00,106.15,98.84,99.69,96.24,101.56,92.14,118.61
Nov 2005,88.55,99.87,97.96,92.38,96.92,99.79,99.83,100.98,92.99,98.20,99.22,90.58,99.69,106.13,98.73,99.75,96.20,99.70,91.91,118.77
Dec 2005,86.83,99.90,98.00,93.93,97.14,99.72,99.80,101.03,93.13,98.26,99.14,89.91,99.74,107.28,96.65,99.83,96.40,101.13,91.66,118.90
Jan 2006,86.29,99.88,98.10,93.86,96.94,99.64,100.17,101.05,93.56,99.11,99.42,91.03,99.45,104.55,96.00,99.79,96.88,102.53,92.10,118.35
Feb 2006,86.07,99.58,97.66,94.33,96.56,99.25,99.90,100.60,92.95,99.00,98.94,89.17,98.94,103.11,95.89,99.79,96.75,101.89,91.22,118.38
Mar 2006,84.74,99.95,97.84,93.41,96.96,99.53,100.16,100.96,93.42,99.62,99.34,89.29,99.23,97.96,97.20,99.98,97.23,101.61,90.69,117.81
Apr 2006,84.91,100.41,98.38,94.53,97.37,100.06,100.63,101.66,93.79,100.68,99.82,88.37,99.67,94.59,99.84,100.06,97.63,102.78,90.47,117.66
May 2006,86.51,100.77,99.30,96.24,97.71,100.97,101.36,102.35,94.42,101.75,100.53,91.42,100.16,93.79,100.60,100.39,98.24,103.51,92.16,121.18
Jun 2006,84.97,100.83,99.26,96.22,97.93,100.91,101.34,102.68,94.81,101.80,100.59,89.67,100.29,93.29,99.57,100.34,98.45,104.61,91.80,120.84
Jul 2006,86.31,100.99,99.37,94.55,98.13,101.11,101.43,102.76,95.35,102.34,100.77,88.42,100.24,92.59,98.66,100.23,98.63,104.97,91.31,120.98
Aug 2006,87.20,101.17,99.45,95.32,98.14,101.21,101.41,102.47,95.20,102.67,100.67,87.99,100.45,94.23,98.02,101.04,98.51,105.04,90.99,123.26
Sep 2006,86.72,100.84,99.20,95.42,98.22,101.04,101.18,102.19,95.00,102.82,100.73,87.11,100.20,97.95,95.44,101.26,98.30,104.41,90.22,123.96
Oct 2006,86.76,100.50,98.81,94.81,98.13,101.05,100.74,102.06,94.96,102.74,100.39,85.80,99.92,99.27,93.68,101.05,97.82,104.28,89.60,124.32
Nov 2006,87.64,100.62,99.24,93.77,98.14,101.34,101.01,102.52,95.02,103.56,100.68,85.62,100.08,98.90,95.25,101.12,98.16,106.43,89.45,124.93
Dec 2006,87.74,100.87,99.77,91.82,98.57,101.85,101.39,102.95,95.40,104.73,101.04,84.60,100.51,100.81,96.33,101.42,98.59,107.49,89.69,126.50
Jan 2007,88.17,100.74,99.15,90.36,98.13,101.30,100.85,102.76,95.29,104.64,100.52,82.35,100.09,102.29,93.63,101.26,98.35,106.90,87.97,127.89
Feb 2007,87.56,100.83,99.30,90.76,98.24,101.47,100.76,102.96,95.16,104.98,100.70,81.86,100.11,101.95,96.02,101.18,98.56,105.64,87.65,127.51
Mar 2007,88.10,100.99,99.44,90.93,98.69,102.11,101.03,103.20,95.52,105.77,100.91,83.57,100.57,101.69,96.20,101.80,98.98,104.69,88.36,125.97
Apr 2007,90.91,101.29,99.75,93.05,98.86,102.66,101.54,103.92,95.77,106.96,101.05,81.62,100.98,105.28,96.50,102.35,99.30,105.88,87.38,126.50
May 2007,90.82,101.26,99.22,96.23,98.80,102.38,101.42,103.76,95.73,107.04,100.95,79.89,100.88,104.87,96.09,102.24,99.38,105.90,86.61,126.05
Jun 2007,92.74,101.08,98.89,98.77,98.46,102.11,101.19,103.30,95.62,106.63,100.75,78.21,100.61,107.82,96.78,101.97,99.12,104.23,86.20,127.03
Jul 2007,94.24,101.28,99.41,99.57,98.51,102.53,101.47,103.82,95.91,107.74,100.94,77.95,100.47,110.09,98.27,101.90,99.34,106.30,86.28,127.31
Aug 2007,90.47,101.06,99.05,98.73,98.25,102.10,101.34,103.42,95.82,107.35,100.70,81.50,100.21,103.06,97.89,101.61,99.23,104.31,86.99,126.79
Sep 2007,91.42,101.14,99.53,101.60,98.41,102.49,101.73,104.01,96.16,108.23,101.10,81.79,100.52,100.32,99.52,101.87,99.71,105.26,86.86,125.12
Oct 2007,95.71,101.65,100.28,105.60,98.68,102.69,102.19,104.35,96.54,109.08,101.47,79.98,100.81,103.83,101.68,102.08,100.37,106.97,85.83,124.44
Nov 2007,93.91,101.98,101.43,104.99,99.74,103.47,102.78,105.27,97.33,110.38,101.92,82.12,101.27,102.53,99.79,102.34,101.04,106.56,87.31,122.93
Dec 2007,91.82,102.40,101.47,101.58,99.60,103.13,102.78,104.88,97.44,110.65,101.94,81.55,101.20,104.47,100.03,102.32,101.28,104.83,86.93,121.19
Jan 2008,91.96,102.14,101.78,99.98,100.19,104.12,102.97,104.73,97.82,111.24,102.26,84.02,101.53,103.80,100.51,102.58,101.66,104.83,89.24,116.69
Feb 2008,94.73,101.90,101.84,100.81,100.00,103.66,102.59,104.33,97.99,111.63,102.06,83.34,101.30,105.75,100.28,102.40,101.70,105.35,89.52,116.14
Mar 2008,93.77,102.80,103.74,99.05,101.09,105.45,103.98,105.95,99.17,114.25,103.50,87.30,102.41,104.09,100.96,103.53,102.96,106.52,92.91,113.88
Apr 2008,94.25,103.29,104.35,97.99,101.75,105.90,104.78,106.20,99.93,115.21,104.14,84.81,103.11,102.23,101.17,103.95,103.52,107.68,91.81,112.05
May 2008,96.90,102.95,104.42,99.85,101.20,105.68,104.30,105.99,99.80,114.87,103.67,84.26,102.68,100.68,102.03,103.60,103.41,107.86,90.04,112.02
Jun 2008,97.10,102.72,104.62,98.14,101.33,105.51,104.15,105.58,99.60,114.86,103.55,81.77,102.48,98.59,100.16,103.79,103.37,107.21,90.39,112.22
Jul 2008,97.58,102.52,105.05,97.96,101.28,105.87,104.25,105.63,99.55,114.93,103.77,81.42,102.68,97.14,100.45,103.26,103.64,106.34,90.34,112.41
Aug 2008,95.25,101.58,103.20,95.28,100.39,104.57,102.79,103.96,98.50,112.97,102.48,81.09,101.73,94.90,100.51,102.53,102.49,105.99,91.01,111.26
Sep 2008,87.68,101.19,102.69,96.09,99.99,103.96,102.04,103.10,98.33,111.76,101.76,84.86,101.02,93.76,98.20,102.37,101.88,103.77,89.79,109.55
Oct 2008,77.29,100.19,101.04,87.33,99.07,102.40,100.49,101.14,97.51,108.91,100.39,94.27,99.44,91.38,92.67,101.09,100.44,99.58,93.05,109.47
Nov 2008,75.43,100.08,100.54,86.50,99.49,102.12,100.12,100.80,97.47,107.71,100.15,100.49,99.61,87.07,89.87,100.96,100.27,96.20,92.43,102.49
Dec 2008,75.78,102.65,103.97,84.70,101.44,106.55,102.96,104.84,99.53,111.93,103.49,105.25,103.16,84.21,86.37,102.84,102.73,90.99,91.82,93.65
Jan 2009,77.17,102.06,103.12,85.36,102.21,105.55,102.14,103.87,99.16,109.34,102.58,106.05,102.87,83.98,88.54,102.22,101.95,92.34,97.12,91.81
Feb 2009,75.48,102.19,102.37,84.95,102.07,105.14,101.52,103.81,98.85,106.68,102.35,105.58,102.55,80.33,92.93,101.56,101.40,89.81,94.06,94.61
Mar 2009,77.74,102.84,103.24,82.29,103.60,106.24,102.75,104.99,99.89,108.25,103.63,99.18,103.96,82.73,93.72,102.40,102.39,88.60,92.51,92.34
Apr 2009,81.84,102.40,102.88,85.63,102.89,105.31,102.46,104.36,99.14,106.98,103.20,96.36,103.50,86.78,93.80,102.15,101.94,90.74,93.37,94.14
May 2009,85.30,102.52,102.91,90.36,102.98,105.23,102.73,104.57,99.19,106.78,103.51,96.70,103.83,87.85,94.22,102.03,102.05,93.39,93.91,96.37
Jun 2009,88.42,102.75,102.98,91.98,103.93,106.15,103.13,105.55,99.85,106.88,103.97,95.30,104.29,91.56,93.61,102.20,102.50,91.24,94.06,100.24
Jul 2009,88.38,102.66,102.96,91.84,103.97,106.13,103.18,105.16,100.20,106.50,103.91,97.25,103.26,92.41,93.40,102.03,102.45,91.65,93.95,100.28
Aug 2009,90.87,102.87,103.22,94.15,103.52,105.71,103.33,105.24,100.27,106.41,103.91,95.85,103.38,95.61,95.84,101.95,102.70,97.12,93.80,100.41
Sep 2009,92.73,103.24,103.82,94.27,104.06,106.24,103.93,105.70,100.85,107.11,104.60,98.54,104.27,97.74,97.20,102.39,103.08,97.60,94.84,97.79
Oct 2009,96.46,103.49,104.23,96.12,104.47,105.82,104.50,106.30,101.44,107.71,104.89,97.96,104.94,100.50,100.34,102.38,103.56,96.98,95.39,95.67
Nov 2009,97.38,103.51,104.27,95.65,104.49,105.95,104.36,106.08,101.67,107.45,104.83,98.87,104.84,98.53,99.57,102.52,103.62,96.47,95.59,97.46
Dec 2009,96.21,103.03,103.58,96.32,104.07,105.29,103.67,105.54,101.20,106.09,104.29,98.59,103.98,97.63,99.42,102.17,102.95,95.25,95.45,97.52
Jan 2010,98.01,102.22,102.49,97.73,102.84,103.85,102.81,103.87,100.19,104.56,103.04,96.66,102.88,99.31,101.12,101.48,102.03,96.28,96.51,98.87
Feb 2010,96.81,101.10,101.23,97.24,101.54,101.97,101.82,102.09,99.98,102.50,101.69,98.69,101.72,97.10,101.10,100.77,100.91,97.60,95.89,98.44
Mar 2010,99.49,101.01,101.19,100.15,101.17,101.46,101.62,101.85,100.27,101.83,101.39,97.84,101.71,97.08,101.50,100.67,101.05,99.15,96.85,95.42
Apr 2010,101.06,100.46,100.40,102.12,100.60,100.54,100.94,100.90,100.06,100.76,100.63,94.04,100.80,98.17,102.20,100.19,100.27,98.97,97.42,98.38
May 2010,97.60,99.31,98.95,99.94,99.05,98.57,99.20,98.94,99.37,98.42,99.01,97.67,99.18,99.69,100.68,99.27,99.12,97.43,96.73,98.55
Jun 2010,96.42,98.66,97.79,100.79,98.06,97.44,98.06,97.73,98.75,96.62,97.96,99.41,98.18,100.10,99.43,98.78,98.27,97.52,98.29,101.63
Jul 2010,96.78,99.28,98.97,99.81,99.02,98.49,99.05,98.84,100.03,98.40,99.07,101.28,98.67,100.67,98.73,99.66,99.23,99.34,101.37,101.90
Aug 2010,98.74,99.15,98.87,99.41,99.08,98.49,98.71,98.56,99.95,98.39,98.88,102.95,98.54,99.86,99.67,99.58,99.14,99.91,101.58,103.60
Sep 2010,101.60,99.24,99.42,100.01,99.23,98.84,98.98,98.72,99.93,98.78,98.94,103.26,99.02,100.47,99.54,99.54,99.29,102.46,104.09,101.74
Oct 2010,103.09,100.48,101.08,100.21,100.55,100.89,100.43,100.50,101.00,101.37,100.57,103.56,100.59,100.68,98.62,100.42,100.68,103.67,102.68,98.92
Nov 2010,104.43,99.78,100.32,100.75,100.04,100.46,99.68,99.68,100.48,99.87,99.96,102.79,99.86,104.63,97.48,100.13,100.21,102.77,102.50,101.17
Dec 2010,105.98,99.31,99.28,101.84,98.82,99.00,98.69,98.33,99.99,98.51,98.86,101.84,98.83,102.23,99.92,99.52,99.79,104.88,106.10,101.38
Jan 2011,105.58,99.35,99.40,102.71,98.51,98.84,98.73,98.31,100.03,98.79,98.92,101.71,98.57,103.76,100.19,100.48,100.01,106.66,106.42,102.07
Feb 2011,106.27,99.90,100.04,102.40,98.82,99.25,99.09,98.78,100.37,99.58,99.42,100.63,98.92,102.01,100.17,100.51,100.40,108.67,105.11,103.12
Mar 2011,105.51,100.56,101.01,103.68,99.61,100.13,99.94,99.70,101.24,100.93,100.09,100.61,99.70,98.35,100.62,101.10,101.13,108.34,107.07,101.63
Apr 2011,109.09,101.42,101.96,104.79,100.48,101.08,100.94,100.62,101.70,102.44,101.07,96.96,100.67,102.29,102.09,101.67,102.00,108.29,106.33,100.64
May 2011,109.89,100.87,101.67,103.46,100.36,100.50,100.26,99.92,101.33,101.60,100.48,98.97,100.28,103.08,101.11,101.35,101.47,107.98,109.20,100.84
Jun 2011,108.60,100.95,102.05,102.30,100.41,100.94,100.31,100.02,101.49,101.64,100.57,99.49,100.40,105.65,101.22,101.21,101.38,105.96,113.25,99.97
Jul 2011,109.63,100.70,101.59,104.50,100.16,100.34,99.67,99.26,100.78,100.91,100.20,100.37,100.07,109.03,101.21,101.01,101.01,105.45,115.84,99.79
Aug 2011,106.32,100.77,101.56,101.52,100.13,100.81,99.65,99.36,100.30,100.40,100.24,102.65,100.20,107.86,100.82,100.74,100.85,105.02,120.83,101.15
Sep 2011,105.99,100.40,100.87,100.68,99.49,99.92,98.90,98.81,100.65,99.22,99.76,104.88,99.41,106.87,101.08,100.49,100.19,104.67,110.92,101.10
Oct 2011,105.47,100.63,101.03,99.36,97.77,100.28,98.98,99.05,100.68,99.54,100.34,105.68,99.52,104.36,100.45,101.08,100.18,104.78,108.42,101.40
Nov 2011,105.70,100.39,100.85,99.22,99.16,99.76,98.68,98.59,100.13,98.87,99.84,104.22,98.86,102.86,99.26,100.69,99.74,104.07,107.58,102.75
Dec 2011,106.95,99.86,100.02,99.51,98.57,98.53,98.03,97.35,99.38,97.43,99.25,104.51,98.12,102.95,98.84,100.08,99.11,104.58,106.81,103.41
Jan 2012,109.50,98.93,99.29,100.72,97.84,97.71,97.06,96.42,98.60,96.04,98.27,105.85,97.13,106.75,98.47,100.56,98.22,105.31,107.25,103.77
Feb 2012,111.53,99.06,99.81,101.58,98.17,98.13,97.43,96.84,98.72,97.09,98.80,102.85,97.59,109.42,100.92,100.81,98.59,106.05,107.89,103.83
Mar 2012,110.39,99.11,99.82,101.97,98.26,98.09,97.64,96.90,98.78,97.47,98.99,97.81,97.64,108.58,100.84,100.53,98.75,105.08,108.35,104.35
Apr 2012,108.29,99.26,99.53,102.36,97.98,97.97,97.36,96.49,98.59,96.89,98.98,98.69,97.36,108.74,99.98,100.20,98.88,105.12,108.00,106.00
May 2012,106.16,98.58,98.69,101.05,97.58,97.37,96.39,95.66,97.64,95.50,98.24,101.51,96.61,104.86,99.55,99.40,98.05,102.59,107.14,107.64
Jun 2012,107.49,98.59,98.12,99.59,97.13,97.12,96.06,95.07,97.22,94.70,98.06,102.50,96.37,106.18,99.26,99.05,97.54,103.50,106.44,106.76
Jul 2012,111.29,97.93,97.26,101.02,95.88,95.79,95.01,93.98,96.26,93.38,97.08,102.58,95.50,107.91,98.66,98.62,97.10,106.35,105.45,108.46
Aug 2012,112.57,97.82,97.55,102.82,95.67,95.41,95.11,93.94,96.09,93.46,96.95,101.95,95.49,108.10,99.79,98.61,97.29,109.50,105.32,108.27
Sep 2012,110.13,98.80,98.64,103.43,96.65,96.79,95.92,95.18,96.81,94.82,98.09,101.54,96.58,107.83,100.39,99.08,98.81,107.59,105.51,108.44
Oct 2012,108.80,99.15,98.89,102.48,96.71,97.11,96.22,95.54,97.80,95.15,98.21,99.97,97.44,108.05,100.94,99.13,99.17,106.15,105.53,108.10
Nov 2012,110.73,99.10,98.57,101.62,96.46,96.68,95.86,95.40,97.03,94.55,98.01,97.68,97.14,108.33,101.73,98.92,98.62,105.67,105.36,108.32
Dec 2012,110.56,99.90,99.47,101.89,96.66,97.73,96.80,96.50,97.56,96.24,98.92,93.65,98.22,109.26,102.39,99.42,99.45,105.47,105.18,107.75
Jan 2013,111.47,100.33,99.73,101.56,97.38,98.05,97.33,97.12,97.49,97.11,99.40,87.56,98.99,110.35,102.82,99.38,99.92,107.02,104.63,106.44
Feb 2013,110.11,100.67,100.20,100.22,98.00,98.72,97.74,97.79,97.67,98.06,99.91,83.63,99.82,111.39,102.91,99.66,100.61,108.86,105.03,103.12
Mar 2013,111.93,100.18,99.38,99.25,97.23,97.93,97.22,97.08,96.97,96.75,99.21,82.85,99.22,111.17,101.40,99.45,99.94,110.35,104.52,102.92
Apr 2013,112.58,100.56,99.66,99.67,97.51,98.48,97.37,97.13,97.11,96.92,99.38,80.14,99.32,113.72,101.43,99.57,99.67,109.07,105.24,104.41
May 2013,108.25,100.53,99.70,99.76,97.77,98.60,97.30,97.51,96.94,96.75,99.32,77.46,99.46,112.48,101.47,99.70,99.80,107.37,103.21,105.06
Jun 2013,102.90,100.87,100.34,98.59,98.39,99.29,97.69,98.08,97.09,97.32,99.91,80.66,99.98,108.31,99.58,99.86,100.06,106.40,104.43,105.22
Jul 2013,100.88,100.74,100.34,97.97,97.98,99.39,97.57,98.24,96.58,97.22,99.81,79.06,100.03,109.37,97.98,99.86,100.12,106.62,103.82,104.03
Aug 2013,99.10,101.11,100.81,97.38,98.37,99.64,97.87,98.55,96.38,97.39,100.27,80.35,100.34,109.61,97.87,99.63,100.44,106.53,104.25,105.13
Sep 2013,101.51,101.22,100.71,97.97,98.25,99.53,97.84,98.44,96.38,97.17,100.21,78.87,100.09,111.49,97.21,99.61,99.91,106.71,104.22,107.57
Oct 2013,103.12,101.57,101.07,97.14,99.00,100.22,98.16,98.99,96.89,97.93,100.45,79.43,100.35,112.93,95.90,99.66,100.13,106.21,104.78,107.44
Nov 2013,101.93,101.66,100.86,96.29,98.75,100.20,97.90,98.95,95.49,97.40,100.24,78.41,100.09,112.85,95.04,99.45,99.93,104.34,104.41,108.36
Dec 2013,98.32,102.57,101.44,94.82,99.45,101.14,98.31,99.74,96.72,98.24,100.71,75.56,100.80,113.20,93.24,99.91,100.37,103.92,105.40,109.60
